PC1;PC2;PC3;PC4;PC5;PC6;PC7;PC8;PC9;PC10;PC11;PC12;PC13;PC14;PC15;PC16;PC17;PC18;PC19;PC20;PC21;PC22;PC23;PC24;PC25;PC26;PC27;PC28;PC29;PC30;PC31;PC32;PC33;PC34;PC35;PC36;PC37;PC38;PC39;PC40;PC41;PC42;PC43;PC44;PC45;PC46;PC47;PC48;PC49;PC50;PC51;PC52;PC53;PC54;PC55;PC56;PC57;PC58;PC59;PC60;PC61;PC62;PC63;PC64;PC65;PC66;PC67;PC68;PC69;PC70;PC71;PC72;PC73;PC74;PC75;PC76;PC77;PC78;PC79;PC80;PC81;PC82;PC83;PC84
15.497379753990652;19.63333233974768;3.7868228059240483;5.767790961356888;10.698225625801845;2.9206845021099133;2.0969722150698384;1.011615188393772;-4.243566105404917;1.735272085577176;5.498237315823721;-4.2617720748272285;1.2004414981235156;3.4057543201680964;0.38093724534279416;0.5390588719214854;4.595461665063783;3.9502170769125233;0.473090651106889;1.7684895884351448;5.545202592762111;-2.033480299609341;-4.793515093831397;-2.675938892856488;4.575293685164708;-10.879561666209103;-5.162140671686121;-1.2691466846584476;1.4691452920124277;-11.901530934344759;-4.06609081114058;-7.4081205700007935;2.910243236547597;-0.9177385984565645;2.2432801057973197;1.0808622759826196;1.5552261177109867;0.8609979152854184;3.455103349639486;-2.5211187717300834;2.5752209422345125;1.9069085870561595;-0.13119122969889116;-1.1753987681942752;-1.3244467861317237;0.22756280776840146;-0.41021294340786485;0.43169984111356696;-0.8849305730626484;0.34859759516117333;-0.5051503681396312;-0.49922123577824973;-0.26577929131208633;0.21203647675994672;0.05964623557053908;0.3434699763823585;-0.6840810429326384;-0.16769648808018164;-0.7438523304824006;-0.3185839274173595;0.48542324684298555;0.21200210029605263;0.2215958467968166;0.38143985273987097;-0.09272305153826786;0.852460177317449;-0.5107106580688473;-0.06296932082726941;-0.874908776051797;-0.2334019755016518;-0.09900049585428233;-0.4141551211511782;-0.37328042826821517;-0.13428009238462318;-0.23600444775119264;0.23775620737912895;-0.2942721098087846;0.20976427742660578;-0.06515909250559072;-0.10076987209152172;0.5839623776083713;0.41877819958655216;0.15638742958130128;-1.3048356441976274e-14
16.86772831507169;21.823750418255244;1.7575617035670688;6.373621227989513;9.421178067921387;3.379780936636232;2.5347836910548764;-2.6982690688022335;-3.056743148126211;1.496077340378221;2.1585069511242;-0.591292200430011;-0.9142083312308518;0.9514104519518902;1.2764097735918918;0.28099588891633287;-0.48790564838492106;1.45333596677236;-0.26396455211973613;1.163120597299827;-0.1434813429039922;-2.1954712415433013;-0.13598016845208222;0.9222074346656217;-0.721105639204383;1.0485054133252776;0.5540673133544823;-0.9522244842842725;-0.5268458177625416;2.142771805396202;1.8363618478676014;1.0410391831258992;-0.514953359761017;1.20380127012007;-0.3044990492272962;0.689299300209205;0.1710467258146564;0.7265552819005433;0.5505052064807945;0.03402326968815585;0.7473666118413707;-0.8852953898741289;-0.9683252875771402;2.2074942652876306;-0.7909401702543521;0.30205516206807326;-0.5106344592526614;-1.6500403447989722;-0.84556293974287;-0.17606595039859893;-1.713321021738341;0.6864989992224262;-0.2786019547268223;1.187139549940994;0.5770717854239725;-0.8397715672442764;-1.7417824896141159;-0.2859778511666093;1.0260118715098334;0.5079859685014341;0.7477422787186512;-0.013622565036255965;-0.47786020463866463;1.7640760133009663;-1.7063371001740366;-0.4413688959542896;2.9131829175287853;1.3180047788159048;0.8306044050595399;0.9364926311097084;0.7348048890557538;-0.1338634802957695;-0.9601124114551559;1.281042699879966;0.4828683092521937;3.230308712579566;3.7918292467904067;-1.6898059899349263;3.4733180656846154;-5.677516324447961;4.3385123196206985;2.856539429460465;2.739574328856799;-8.430522548926014e-15
25.765564927291077;-7.211890703973995;-13.06429513802528;3.0360354862250953;-4.627325103710683;8.735627830488347;-6.0709574212078845;0.7077007309519632;4.254514258706966;-4.910046036653265;0.27149214708073344;-3.8996363930418814;-0.25943301737209146;2.2220356888300064;-1.5134159882344271;10.181229257109413;-0.5277446046627113;1.2882103692219131;4.898352786645338;5.784982843649482;3.119558211241627;4.0477263308584055;-1.3694496642266252;-3.481766677340696;-0.020022644818423252;-2.3524857180392678;5.123711479571055;1.2630975734502787;-0.6766830442607699;2.2912388724245982;7.112182699900425;-4.505779479136929;0.6779228350238388;7.32554492840232;-3.800168683027758;0.906691948853854;0.326525856283865;4.400280425854321;-2.25166878247194;-3.975218553931147;-0.5660169024953474;-0.32917509998765687;-2.413391951269993;-1.491779615147477;-1.057572823986351;-3.672740454401981;0.46939841038350905;0.08761150521585115;2.513594583846804;-0.35098349146664765;-0.9804974165133158;1.6766903837911378;-4.356255721804365;0.14278102741137175;-0.3861088743731684;-0.3328081097112002;-0.14512872925883694;0.5664399293419276;2.150359177209079;-0.16839439282959429;0.8422369089900498;-0.6052063080419359;2.6218246492995823;1.4932140197994281;1.0158862478727022;-0.4878171604189771;-1.283589726058215;0.6015692134516841;1.2373269302625383;0.24619608275126278;-0.4132018561944362;-0.9173806786674313;0.5820242246837908;-0.1947255608782456;-0.1862718192143856;0.5926934945120973;-0.5742355184942411;1.1204414047653817;1.0403661106396638;0.7905841633750704;-0.05644455785593407;-0.5720622700881388;-0.06311310195795612;-4.827712079211327e-14
40.26538281556519;-12.159756807262426;15.51785419713769;0.9209931515933116;1.4662408985704132;-6.36145330973;12.277083556193633;-3.082249286931973;15.031947680128846;2.110054152023772;1.2315552904863494;10.139824157654193;-8.452558829214048;0.11836481602073726;1.812944285037823;2.3301562408447483;-3.099146134070669;1.7939917742634544;9.760356620419705;-2.7398744588437114;3.878285011674242;-0.9715971902210969;-6.8176075965445175;0.9768534402652855;-2.2418449306974284;-0.47041138537666477;0.4866590302028344;0.6776105092114983;1.7231312901179667;-2.3889354858972602;2.4987538988124096;-1.327683390285024;-1.6010592251369238;0.04019132532721325;-0.5684729961500669;0.5714020738046556;0.9739491251166855;-0.8683811854515591;0.8009607545082248;2.562762759667765;-4.5837039288109125;-1.6423082333069496;-2.098221490367323;2.923119389336725;-0.5616662489047987;5.623099068777832;0.3093982856103316;0.11658957991075174;1.9998280343520778;0.6681782558048394;-0.5522582168162834;2.4476228632634647;0.7467716371017968;-2.0840079664577407;-0.3538480768824019;-2.444878115351056;-2.128462045312506;0.46410925635602485;-2.1318327519636906;-1.9313412014383944;1.34609400868259;1.1075358227265781;-3.0060969458646443;0.6442836439826763;1.9593809314062756;-1.4372061610598603;-0.07241612762864096;0.19748510100889693;0.3093635553662079;-1.506831041802235;0.6939341397165132;-1.1176720460401903;0.9686546448579821;0.4354098576525032;0.9334346881821263;-0.7716693282272157;-0.830427025340075;0.10437664479729039;-0.24868758218880735;-0.679201937407773;-0.2556176245614194;-0.022577584729382507;-0.1437493503400098;-3.130458630315619e-14
-109.23404779133823;28.223660251044215;36.70809566714136;-1.2035801757987674;-31.277993264527147;2.978272227350293;-8.264999985469943;-6.830747743097114;3.490596334315922;-0.14810502452264204;-2.355998102627016;-1.607313814748949;-2.9455111459982244;1.5649113330978348;-0.5660317653606204;2.6812287378555335;-0.7908041465679345;-0.8539411903927677;1.3166562512304378;2.4785473438635814;0.3349685702784314;1.2026456125183687;-0.47579509143758425;2.288614714378506;-1.6770945109268887;-1.0760363560860284;1.8740241474052384;1.8659688864786619;0.17104893019088271;0.07134435869466273;1.6969111284285356;-1.197417070543795;2.9303479610851775;0.9286185317609743;3.0119616479707654;1.8636511803126345;2.4795155932585584;-0.35474596892545057;-1.2751434147227974;2.7689876759754894;0.47336732219794153;-0.1751984878438881;-0.1859678208272472;-3.0534944991296795;2.1838094931522636;2.0550090484992785;4.393221445925579;1.9940944133251615;-5.72453515504729;0.7363545247356164;4.319797832170538;-0.09901367784467215;2.288480298214844;-0.6885651866175222;-0.8506997102405637;1.3846484867418776;0.12706931958877227;-2.633847588275985;2.55330961465916;0.9674660612429569;2.040823395960546;0.4746534400659577;1.9579586386777799;0.022118541316478668;-1.2083889787421123;-2.1235631131485806;-1.3315245141420564;-2.6501639928513145;-0.3300601135762877;-0.16524960287585724;0.09482272780963431;-1.0734998233748831;-0.9402094669591883;1.5725325656585558;0.3936797892328642;0.5957307913755361;0.2986272770617691;-1.0384577417678682;-0.1829398912024385;-0.057119251842678694;0.18080155407254236;-0.20737397384094006;0.42864100167748687;1.458870084270188e-13
29.258079537262383;1.5953711883121973;-10.594487019740221;1.2943178995146094;-6.314403649371833;-2.274491856524298;1.724659229900218;-8.223150299811815;3.0845266989673457;6.315176272828536;-1.2072148072956692;1.3285915792630862;-3.732800126900358;0.9551844603025762;-0.7036343400297227;6.811140996188737;4.993020357864126;0.9903494317770408;2.4339967139599366;4.763649091665908;-9.094209482902198;2.7620384691922686;-2.6069114668765794;1.8257536051427576;-0.9980898412758349;-1.4068480346528647;1.489419555170504;1.1164473479653116;-0.4073768899729776;-0.8480181120709116;1.0590364432713941;-0.0510166310404163;1.4783569247421378;-1.0012202564968467;1.259603141621077;-3.861687093316936;1.1811921078793848;1.1157166064953734;0.8889990854885362;0.9880242266423586;-5.409317460816519;0.4580782552440358;0.6563816214197132;-0.8392080630684546;-1.3437150423438802;2.9190433436216567;-2.532401415042611;-1.2990548896295728;-2.204716382839713;-0.7323818932942141;0.6219917856155399;-0.6188198671998008;0.027116689533725178;0.12472063545427235;-2.7984999942243096;2.4531178575303727;-2.1530444696304656;-0.18854472026491903;-1.6319636894300948;-0.3829627044651545;-4.303568905176809;-3.3656896343582314;2.994560422097792;-1.6736520924610427;-2.5388413064964714;4.872532054265137;2.8501440627672046;0.0660338929067824;0.10285522026962741;0.7048042255060826;-1.2059217142681307;1.705879997440295;0.07158313085767318;-1.3223124997454507;-1.8074552602013296;-0.47818227243232503;-0.09734069149464385;0.4613956981368516;-0.7104192882732632;-0.18271136052266018;0.30310619316550136;0.32341410572875867;0.16808293604268265;-3.836838029733375e-14
-71.885513577966;-3.4291379818888226;-13.550576669613793;0.8924056482362195;16.239212102690143;-7.217352995888523;-5.7156687272026945;-10.760044059695772;3.5792955461113225;-9.563369542755096;-4.732430152226973;-0.4072220411594304;-4.682542685880651;10.664645564644164;1.7767204602208784;1.5136816654552807;-6.811203334649091;-0.664956424603333;4.0470032188725;-0.6953790405351624;-1.6049296878875114;0.28346287570293854;0.6357934504929782;6.800996392096052;1.1370810284997959;0.7885345396739357;-1.692047800534444;-0.31591952601234335;-1.7779856374742857;2.6906188654483705;1.6035830094835257;-0.0290670783067349;4.158233173079408;-3.1424469510669937;2.290556713220569;1.6181645902379516;5.771623587361116;1.0316933921710747;4.82514971625432;1.6353308870774406;3.4452370859730004;1.5398918294570891;5.762775709736557;-0.15833639138151237;-5.222381789462204;-2.170917132048949;1.289218106380247;-1.7912718310907985;3.475356000701337;-0.2605488436567657;2.3240472720364607;-0.060794759237950476;-0.5702488634571874;1.3372896885902261;0.08913233447680526;0.11337027476278136;0.2373865656475542;0.9799544087848976;0.41958259509285706;-0.3304945676979595;0.7939085250388457;-0.14286911094095836;-0.8487743121492571;-0.6368006961608463;0.2899208990151057;-0.043002232377754836;-0.384905017894626;1.63574354279492;-0.1972758741679859;-0.8609666941602558;-0.6941659253725462;0.2454959352174227;-0.8177665004427889;-0.43343478022202364;0.3664806216794839;0.011074382354645317;0.5778088169537403;-0.04623214213295321;-0.2728028525104481;0.5379517681625368;-0.07356445984353137;0.022549449203327108;-0.4000775993914466;8.446738903658396e-14
23.65497547370371;-22.460126307752937;1.4869635409682034;2.000037216789777;-6.375203538649827;6.298868720262108;-12.30630249710049;3.25255164449911;-1.2209587496676308;-4.078355071501824;2.0537657530677884;-4.885172659225728;10.906097917800405;6.64923225128835;-1.1659906573683505;0.5395426051986772;-2.1283534515653986;3.7020620593577473;8.78495164704813;-1.9357056196343085;2.729928276324402;0.508508611608655;2.808619708642083;9.725350177366591;4.601571796219803;-3.2871433009476703;-2.7914568489012135;1.2272892305529919;2.409538437331929;0.6698068563761725;-0.9239203004265668;2.9161788834393803;-5.378408359306016;-4.0177715972671875;0.6610630849504905;-2.7277724206576206;-2.956091738669362;4.0737098578536335;0.10005621368917335;5.901529135089768;-0.7561810611931558;-0.040970100197096265;-3.3497038384515103;-3.139459238837964;1.9680518240995828;0.5590530513630272;-1.7343405733784594;1.7670310457328753;-0.07225856442238349;-2.630890705219701;-2.625680998869836;0.49057726478032604;-0.9960037193179109;0.537679685153684;-0.010089915619864172;-0.2618826133981493;0.20766932157816853;-1.117980390477897;-0.035773021510620805;0.7612456091363671;0.19019173830428215;0.1705031305268362;0.37189221147109996;1.257940240837049;0.0943183526611157;0.630027430306806;0.5498518579778836;-0.503407747652059;1.0295372139003993;1.2179182619164883;0.023462956758305183;-0.7501881041173074;-0.00932142980119341;0.5557846783405636;-0.29179221249336695;-0.1295701757008129;-0.0049069861939247455;-0.3973553884664908;-0.47822864631811507;-0.2225691722301198;0.04983831747100157;0.01535058973829823;-0.12166749184855503;-4.328805607520397e-14
15.853304224837293;21.836010683394747;1.7359999421478842;5.3484916881631035;9.273362308778585;3.175069700532951;2.5380225195650548;-1.6778202482869626;-3.0379157406309787;1.133473039775196;2.266094876096918;-0.03206964941888065;-0.6134704065358585;0.952042104084361;0.8019395853195592;-0.19189898183760948;-0.6544648723869093;1.4363730326032291;0.5103048231425505;0.283556657768898;0.48409061882361154;-1.2288794709513253;1.2964348455360317;-0.4521104479595509;-0.21087025663449924;0.9056372049714068;0.8462068326306088;-0.060372461734699324;0.11865352584574039;0.856408978977889;1.4180306152869222;0.9019368007753353;-0.33305360156785646;1.0504140418055365;-0.8693778287980681;0.3459083055891653;-0.12609386635357034;-1.868012971794686;-0.24848184034857507;0.2455852634498076;0.1042369413239537;-1.1861024785018142;-0.7859067882978104;-1.349996356839903;-0.28096300949172714;-0.6485887402307295;0.7352637343221796;2.38118219384465;1.5415349513952061;0.6228078735694992;0.11329391690141973;0.7882741750089874;-0.24720506268908893;1.8773046459033405;-1.2318315392337058;0.17031390664789983;1.436558894704259;0.8258118824704367;-0.04497834379541928;-0.38283530598594145;-1.457303567226153;-2.200732948887878;1.970675989317291;-2.090721546387359;4.4087199801074375;-1.4343105431204168;-0.6533847834104329;-0.5008791761679044;-1.0479540026637104;1.4859905148315586;2.4165800003415936;1.6213212493608231;0.9843229870799779;0.22995154363036135;-0.19992518962521513;-0.6193366618742612;-2.8086284487427537;-3.618591393263061;-5.787286936337682;0.05990724312811733;3.762118141361068;4.182404485370898;-1.6368376095950319;-3.007776963022515e-15
27.752735622639698;-4.594554860208918;-10.904337244302093;0.9348773079402061;0.594480301128423;9.66056650209945;-5.152777538413509;-2.7102815367213484;5.182705898027828;-6.896761191021927;0.27025131191088114;-1.8406400191867016;-6.072436853420655;-2.381121018435719;-3.8104266245452325;8.216899433100442;1.6850283480845618;2.789583555365466;2.9876934948635814;5.375958580680291;3.362246053803219;3.0605396953000534;1.015758011713282;-0.35989193384332063;0.47962275032891805;-3.986454278348911;1.355786155512042;-0.36345884051684324;-3.214147039180803;1.6833824750571353;-0.17941360591798433;1.6426602021446963;-1.2607918666383673;-5.41106265186831;-0.6035762809191839;1.4182950989918193;-4.751225174616796;-0.8101108802123033;-2.2764831389564866;-1.818847741426571;2.9900626808140536;-0.9672179329996073;2.719480681258087;4.835781200707848;3.7578411346707954;-1.5294461895427771;-1.2039729707168363;-1.681774888686786;-0.7611195736485671;3.721144691169738;2.0647834403435015;-0.8772113091464993;4.393630760657499;1.5014679330925862;0.32280114170551305;-0.10130623390256609;0.5998403084070745;-0.09338581888390321;-0.5423697909181211;0.7148354911495883;-0.1590771815844766;0.9106772090155022;-3.712719124580412;3.0080466568133923;-0.1114892485158454;2.101115517812335;1.2707918440343013;-2.905396778259423;-2.212697063459292;0.5382772371832389;0.06412539486592332;1.631847946930062;0.22017177475287023;-0.5749096220943787;1.3517498512439845;-0.6352320589083368;-0.202211166459077;-0.7947597687312428;-0.4371433873479391;0.9034811313821061;0.27068306502314343;0.7263731063066994;0.083514730468898;-5.318985767607959e-14
27.987226886253122;-19.64368632335214;23.545329139626478;6.289763601132689;12.682715843584567;-3.1245187135097012;5.519355029249934;-1.373396026100379;5.458659200215412;-3.146079882505783;-0.9864795645397582;-11.126065995690762;4.148000641035732;-0.836234441214861;6.087115970877424;5.7149812690758;2.2542523138251873;-2.86772303364517;-0.0420947413674984;4.3567131109105794;-1.8044315828047552;-4.284296700765411;2.1547471959135827;-1.1298083823875058;-2.9777932176932342;3.744913510459283;-2.707789015710703;1.238547209181626;1.4141955836451987;-2.42141759590386;0.5511118815521293;1.4144463202165474;-1.3288592460236808;-2.7306815917470817;2.578929657484098;0.3386964339625299;0.9200484847722682;0.2972528849825479;-4.638124507514288;-0.4538039865756318;0.7147612082397536;4.6036084591367405;-2.727875015556943;-0.8178689766995666;-3.4338377207581625;0.55425097794703;1.1234680336485392;-1.7400466415035005;-3.7234999690022432;2.5496527765311727;1.10344969487711;0.4805635116964956;-1.9855008117192945;3.488917120567924;-0.6694609374739326;-2.516686613995409;1.1544272749677988;2.3451508823790594;0.7344403640472308;2.306818219882446;-4.221315995130493;1.2028472180560477;-2.430722683760881;-0.3035118879680774;0.3072211332487755;-2.3263071383687355;0.0374931564647978;0.6893268531565008;0.41380701743466325;-0.7555312167839756;-0.06190535275911726;0.04322577964628121;2.583505795845927;-0.0336027908381026;-0.9327532543783953;-0.4921255889255459;-1.1567446911086756;0.5792453368013364;0.6062001891821014;-0.3295223449854275;-0.15691097271433316;-0.44841458822424995;0.3611265076193231;-2.251994662080964e-14
-92.84261377745185;-3.3001106647833467;-10.24291142408637;1.556782646307533;11.769043379262765;-5.42483527977677;-12.101799554787977;-2.7044187130313193;0.42247961284609886;-6.743379136019734;5.159559582667993;0.4192846668687735;0.2205050843711247;-0.9501153056092209;6.011542033827624;0.8193068900068079;-2.2697161198194693;-0.9645230555490435;2.3955992537751056;3.0344493467744966;0.11116402071050999;-2.5830535485567734;-4.169294478932252;-0.37935400292406724;3.316829633439669;4.685046216060259;5.6428614018596095;-1.3184055135913768;-4.432888002749734;-1.8283887569357034;-7.19636739040195;0.07416768230406805;-5.69708838290021;-1.6502743142337313;0.3864731735438085;-2.114688026770445;4.759181075403743;0.3464838957805176;-1.6506528346768161;-3.654687848118543;2.48659092428283;0.04593173903887218;-0.12025698327691452;5.01271268641075;3.4761215820333025;3.0526082103004977;1.130291666482511;2.7000973912315245;-1.394508999992328;-2.539396120835424;0.421298386369924;-1.2913041082486063;-1.371816273600827;-3.8391153504552857;1.007082894124547;-0.3905300224937705;1.4299515973672867;-0.6221471853999394;0.42347378888016624;-1.3147788291264078;-1.6086340245947248;-1.3428568054026204;3.520360346229673;0.9581767116446882;0.4938632149777578;-0.28988011096294036;-0.40813719941460075;0.5688310150098465;0.6695177629547037;-0.1513400769027975;-0.021763536158566667;-0.04488601130705317;0.9879696263188515;0.4124430199295709;-0.3785238173817285;-0.34849271171784013;-0.13013388504235696;0.3402622848338372;0.2808415596972867;-0.2886647743044662;-0.07412829646719006;0.2704649056164798;0.1411802577598169;9.39563264501771e-14
29.20141610946417;-3.777786341021537;-11.098517642022362;0.8723664235995332;-6.22734309134596;8.668939291397972;-5.9093983180404575;3.0092548402597212;3.1094941073266162;-3.6726748832568674;0.26127975069652104;1.6357554759195423;5.720493804455529;2.0886971200725606;-2.7832774422812103;2.973170446494979;1.6486671551663579;0.16877900729313702;3.7330272908753312;-1.841746509413173;-2.794610301132209;-3.256465276347879;-3.5183129224347565;2.252267993395973;-2.7623894591747358;1.7093874046496256;-2.0899907139391223;-2.742630849177705;-0.9556548380897739;0.9763210519328707;-0.8049863654705396;5.046883867002142;0.8777110390562023;2.0742506985906335;0.7159172841503317;2.3907916457269467;-3.4211217126304563;-6.7448472344031325;-1.3190134102768185;-5.966191673732463;1.9693976618572095;4.349578215958968;1.1559016299419171;-1.330425240990626;-4.3360470421703035;0.9912083954347243;-2.1007743890318125;-1.8736214372338023;-1.5805337490460423;-0.02917062504580019;-3.0927109353162647;-0.41125969551233865;1.8224601710864614;-2.617078335098452;-3.442018354827094;-0.44671569627337293;0.7922839991809277;-0.2023207213727754;-2.3921402412005426;-1.389342913431742;3.8201101785554403;-0.13166108158530257;2.0260058836918198;-0.3820700031460584;-1.3140998833598978;0.041798112584908;-1.3694947355889204;-1.084393635828973;0.034519997235753865;-0.7116524959681154;-0.9360814045622537;-2.546100929135089;-0.21746326391939585;2.6183516084572873;-0.6148751411318991;0.2347820418490621;-0.9571362861758813;-0.045327582715421755;-1.387019898106213;-0.653386739134402;0.37270783485422043;-0.29633862743034994;0.5459023254369191;-3.251976009807794e-14
30.703651919277874;14.24979094246937;-12.651239598830047;0.6243227226237058;-22.838461825583188;-15.880986341463844;17.483955773196584;3.4475620152653415;-6.653329545173073;-12.643914577436735;0.5860298531624412;-2.353982897580155;2.735992414175046;1.2875850163645872;-0.7618380151612962;-0.34627002517635214;-0.957289780679103;0.04379791149851496;3.7378493476021952;-1.4717229954319195;0.9889659082275202;0.20094584813802188;2.071818482028191;-0.10916273050407697;0.4221396185520005;-0.890688172833976;1.2397558632757928;1.9355080630852903;-0.9483788235336759;0.14286850211322422;-0.8685506484997222;3.14155084451362;-1.2909351130677367;0.32658173657507417;2.233551199815125;-2.320739260029208;1.1365728568921212;-2.7922287532689682;-2.5327460330243863;-4.623980057590703;-1.5247696186301656;0.5174290409197104;-0.22316130313016647;-1.9113678145179664;-0.3709242014102886;1.8693656826530476;1.4966119627933807;3.4437517219078617;-0.738802996292513;2.5784997572805883;0.35270932357092455;-1.803443095888227;-2.0060320184926854;2.4111440698675524;3.2380984752805158;3.86807589640869;-4.110598036413293;0.27976344757908345;-1.3796415031450602;-0.39692353830371585;2.337715590802149;-3.1409953624858282;-2.8313444965491885;-0.02913641057818043;2.5640179313313154;-0.5455578046202357;0.770697925859794;0.5658083658087839;-0.7184267801429534;-0.7968083986147322;-1.1429342959261604;-0.12290865920958284;-1.535035855090875;-2.562535234001844;-0.5935019208356471;0.5379690044395057;0.8554329881479273;-0.1405156495286473;0.9976704106594756;-0.18057371192566804;-0.2800575917787508;0.17405498294346008;-0.6394061061370193;-2.407425885528486e-14
-87.37782853610466;8.370780169667773;-3.7426445014279546;0.7065561965580689;1.2708825732848836;-11.400271057662625;-2.896282908739151;26.06545278064708;5.5866566613398545;3.7759579824478235;2.0631994818909014;0.4171674896383176;-2.7055063444437475;4.51361278092361;-2.011233175420273;4.396925409068653;2.288343831298192;3.660881196524506;-3.485609847097193;1.2983711075365383;-1.534110256004249;-2.3352967795867023;-2.867746888361744;-0.6719558055527071;0.838095631915964;3.083462715155328;2.859450025394172;-0.8679781206322985;-1.54932003460344;-2.8797363845263897;0.6138445984761511;6.375839982061281;2.222510246264355;-2.2565253722876766;-0.5829010362823669;7.665092287365451;-1.776516130784901;2.622336749380244;2.2093345877479362;3.7229173160502778;0.3228690537615269;2.4098875441509704;-1.5011445767000204;-1.0657733025721283;2.7278416848336056;0.05537339520754687;-2.3846196346383928;0.9447347272442024;1.285224874143583;5.303345997599412;-0.3697890988284664;1.0827692311332444;-2.1540538839620753;-1.1979687907693022;1.547698016220983;2.748782889146846;0.2720391111095911;-0.08775462563800468;0.8127805181622986;-0.8767455536358859;0.3609244201917065;-0.18240210905060547;0.3244870578116834;-0.8590585660984493;-0.8849455912561146;0.12611619522196169;-0.03992351964323642;1.4096006850595855;1.161462336191697;-0.7513456834899838;0.7535819064398556;0.35381864262518364;0.26087097481792876;-0.9523648663568465;-0.6222477885374695;0.25739348328950934;0.06907758000465843;-0.04618335862175798;0.12858612768395558;0.1814186406284905;0.06579441676311147;-0.020508708036321124;-0.2862075917466397;9.065341295191726e-14
15.46678254634428;21.36702686228165;1.4017868959063893;6.1406619241116704;9.742495400321502;3.4547715975229325;2.250182471128252;-1.732286612176048;-3.08845377207758;2.048240545469963;3.203114139086291;-0.05936916185016307;0.1761278677394071;0.9323126784394031;0.99791943098601;-0.1959024129446857;0.883389966052553;1.8745396834792163;-0.19150410590969819;-1.02820165289386;1.4068431278256575;-1.374371992604966;0.5670938406016949;0.20795083241187678;-1.2349741156872538;1.2003204033487012;-0.274253832496094;0.2690994179342356;-0.43230852418694776;0.8639042868875758;0.8941735707846618;0.27933892353387385;0.017127398792477898;0.42130975379835534;-0.5416741572790129;-0.016881675328442224;1.39823954625196;0.416679602998332;-0.3510647968399299;-0.4205281544203036;-2.130834616014234;-0.7718950677823337;0.38865541279172655;0.06127894487454023;1.7533205619382861;-0.32694315147787184;-2.6339049017090908;-2.6807126240650097;-2.1967487242289216;-1.0181806090970997;0.31383569388960425;-1.5980849718725976;-1.522852828290545;1.2328933807530165;-0.4474842209093834;1.3272830737439492;0.6479957579981125;-0.011268023445704552;0.06709317151520602;1.7180613519592536;2.1934468951725252;-1.1787754412900227;-0.398682246471847;-0.09923089765487408;-1.1883009146797119;0.18041207339706647;0.856497556612691;0.7768131858442742;0.8481529956682579;-2.3786816238026365;0.49563056435878516;-1.8245378302755229;0.4809336977960141;3.898998426577828;1.1442517791926599;-6.9136909336354035;1.9464518917479134;-0.6266245776122268;3.389236802475026;2.6750915383650913;0.7025719856277125;1.5646087477880537;-4.161365598601105;-6.19966815881984e-15
28.559109738688722;-8.892896445956382;-1.6089923982673677;3.095507750568481;-0.7609377812317214;3.8456961488807293;-5.323271768899355;2.268022515144681;-2.235704302609256;-6.565047684956215;-6.029392438533602;-1.5567642469936147;-4.881292930760922;-3.855239098664652;-1.2087221402110544;-2.437234002654004;0.9232283732388001;3.9084102729240153;-1.7046224250027027;3.2732897776462817;2.7165165544921472;-0.13603463102295235;-4.881376268750048;4.3319242765922565;4.655647165528932;2.7627057053006605;-0.6839379855168946;0.7549428024172696;6.118538413669025;-0.8727294526468561;1.010999169818766;1.4025204940077223;-1.9102058473922816;-0.044947127801323546;-3.9380230587409644;0.8259876473258337;0.5870252571460132;-3.945341460242093;2.56980613593662;-1.4311386905089623;-1.5253961585890534;-0.7549765825582764;-4.715529488910401;2.4504556493876475;-2.7609172893037988;-4.210718739056882;-0.0036709329654057835;-0.3372514305436365;-2.359008953958724;0.4777864704975873;2.5239720473158194;0.33707383804854657;4.36852286732805;1.8916655399970281;2.22959804951224;-0.20122584711009972;-1.5762451465950784;-3.1281614403112146;-0.8360918077955031;-1.4621816988913097;-2.42785816274712;-0.9377020422367534;0.9653479358517698;-4.085635512825321;-0.2391747928571356;-0.6338453499233307;-3.0209065401148503;1.4467348895112777;2.410469341402842;2.0873932714650842;-0.10042646603708957;-0.13110005288586782;-0.7433110426788946;-0.4957095033250849;0.65669157428243;-0.3980532027221051;1.1770192735851093;-0.03862452960309562;1.2129788532841974;0.6276618884167124;-0.6333315983760622;0.16284045613150716;-0.23268160816475555;-3.700835709216793e-14
34.468480138741306;-5.350165312235393;-8.028107630551894;1.810212702305386;-4.681975181641599;8.450361023710068;-1.859116563683738;2.4616682688019367;7.551471313647929;-5.989304527368058;-4.949798214710413;1.820486601776472;-2.686722669214231;-2.400352761868637;4.720193343003529;-4.488131025866437;-1.196510830954517;0.862587470647259;-3.5762465247294055;3.318003732899812;3.173321075313907;-6.431646080647364;2.6452522035368893;-0.888736974816719;1.5746357324735791;-2.6006291048122203;-1.080554455005082;-3.4199455900548754;-1.8201247398407385;-1.8092459514026986;-0.5797877882898658;5.3265750515527;3.6184621546218816;0.6278560052500431;-0.6735386224544638;-1.829874183120018;0.43889830682782793;0.6015083461032189;-0.7562297039759626;1.5119140230128327;-4.315357693285142;-1.497077650335338;-0.6269314912233667;0.19838550379963105;-1.4959472378677947;0.5619980644411001;3.0417924129902874;0.874439583513839;0.18753474158743627;2.1698012715781987;-1.6335924157479276;1.625876072003854;-2.4444791158714527;0.27709224018764295;-1.4497560976203874;-3.278809640812649;2.5875482475566436;-0.5222646898841693;-1.9195694645961652;2.9824803416262147;0.1520054365076639;0.4714229460815837;4.461285996433138;0.5476421590689742;1.6329911214238146;1.6894268956195293;0.16854684459474512;-0.6700183976816022;-2.897640400422676;-1.8312208139905084;-0.9872555003936129;2.1468417137477847;-3.8260500669592847;-0.5918057049288517;1.2669322638753684;-0.7656488885837239;1.8193272538250918;-1.6664801713503348;0.9369970569830317;0.11162798012277893;-1.3188833579108714;-0.4266810044406633;0.4061097658068202;-3.150928367332145e-14
-107.04560630051431;29.277197183817886;33.9899120102528;-1.6082701524054042;-30.153475170877346;4.12103561734486;-8.120931268368833;-5.95221525696646;3.0972198359751943;-0.7256050460658376;-4.128091651072586;-2.3935366910357647;0.40237700344963495;0.22146762990104077;2.0770108313013735;-0.5942324569001204;-0.40852581128051474;-0.45853030701097147;-1.2064307855831615;1.027750167550228;-0.6891444682696736;0.5378915872554614;-2.4665332113458094;1.0435820037805532;-0.07001239039082197;-0.8214767143495513;-1.874180791946813;0.05312199434924774;-0.02556034989487788;0.8113179753696715;-1.4457630703231223;2.6886099908816723;2.4454725478876522;3.6947089058988545;0.20778701174225364;2.318264496038516;0.28363818163297866;-1.4207876788877438;1.0708874965969482;-0.3899715077869807;0.7239119093498866;-0.2756479109621601;-0.092961684874777;1.4929207707096745;1.4826099244868234;-4.661832243418503;-2.416997147871976;0.21855951543771718;0.3126552157437822;-2.666936596647898;-5.004818341729613;-3.2581227916830118;-1.4805870373634626;-1.6761400562457334;2.164635823763736;-3.980618164691256;-1.1851957942223204;3.098577619169611;-2.7765584670590098;-1.0434135127416087;-2.961280852664018;-0.46685488574503525;-2.570006069920376;1.124522646575763;1.567616486462092;1.1718262556927166;2.4755793205157994;1.8845633019596948;0.24238613019993835;0.16964712939825882;-0.03131785794612089;0.5584374455955426;0.30270415886972285;-1.5120714995430187;0.4173296071703824;-1.0993727495522847;-0.5802872935992042;0.5940330464522419;-0.45155086706334263;0.18297516037299227;-0.30343869868664464;0.19795646723612206;-0.308673655970003;3.385856634843659e-14
29.600851762751514;-15.263146727446799;17.561606946158644;3.420557199928196;7.115711699829043;-3.918273759617572;1.927429044091276;0.2306182214063244;2.6012360452956127;-1.4423919385497304;-8.825805890846693;-5.301776267617472;4.6447424348533195;0.36197079995658343;-2.0993410044583185;-8.488310176983289;-3.2000081888254797;5.693386564704852;0.8903960456345291;2.642195070513559;-4.506603259850277;-0.5350043788362349;-0.5814816462096709;1.3396641938936291;3.884806889973412;0.7694878573180602;2.3411333675251393;-0.29703630208319104;-1.0477775198061785;-5.718810201487854;3.3368089689929983;1.3681720690630415;1.0181770664526135;3.8251095339890253;4.592270938056142;0.2619271002793421;-1.7941392942733407;-2.33113369538;-1.6582134584447457;-1.1638889418411924;-4.173399824510241;-1.176469524408994;4.0691594613443804;2.0948801555310985;4.193598661628618;1.2884623054970665;-0.1261555514099862;-2.9338881317899794;4.069322701728486;-0.38543378874046974;0.548374914586677;-3.338875832014377;-2.497425808119757;3.1823538491553163;0.3024138594619409;-0.44650169761585096;0.1997583837424564;-1.3291195262349267;2.020992723385809;-2.4550108458569797;0.3604681905536055;0.28727553751975937;0.11738505771578517;0.0824839812845804;-2.041018231830099;-0.12500063113384066;-1.9555435965526848;-1.093907138613591;-1.8995094427809993;2.1070273904206314;1.0782476056884587;-0.03331296593645145;1.2673177942684823;1.3586798613285784;0.5328592361450404;1.1863979786901395;-0.13314945704375164;1.2258182645269244;-0.11696416192025294;0.3916229650510629;0.6140467429792893;-0.16690876730410484;0.029145026089543127;-1.622290040301383e-14
27.53441505669977;6.618849222946334;6.46666697599504;4.609231099792759;5.300563055933555;12.774184866183427;0.6622613166287555;2.414037309276324;7.101026573209701;-6.74399697683305;2.2953781715180046;6.928443090353944;7.233131111596536;-3.518993231259183;-4.511831742910981;0.41723801238810315;0.27384363852968097;-6.36178713023667;-3.8529076596446123;-3.153556361205841;-4.411249321023645;5.235210303290094;-0.7589119318991449;-2.076257810750637;5.139111845282577;-0.7425406754289504;0.2857096288705921;0.6713355413298399;-1.0474433419954117;-1.8239421865060954;1.3154375827281417;1.5022318990142713;-0.3995583378520898;-0.29583825393791896;-0.42139235915706713;1.8954115571997718;1.876849547973263;4.270991849998371;-1.1780521384298157;-0.5940812693587443;-0.9542309399143899;-0.33719063168259383;4.467285534407732;2.336920921068476;-2.2740622541192264;1.1907910090899418;3.1847183182542587;3.925135542489774;-0.13002114131369588;0.13637828809283262;-4.157106950399996;0.7944782632812744;1.0034865970855584;1.9617382597524096;1.2493025647326734;1.7525749304803502;-2.4144297709900004;1.0961218808049165;1.0176790573465693;0.1531132054780822;-2.161519430045336;3.598516543240322;-0.8828009499260369;-1.0862944485319967;-2.110343598315343;-0.170256427651598;-1.2751303646440624;-1.2753995402730105;2.7139687030886166;0.595155123873645;-0.9595672673537191;-1.492720546576275;-1.712157125433038;0.14077649158150898;0.018388886675366225;-3.1925926908461877;-0.3330831054826701;-1.0177928082519028;-1.0445084101489632;-1.0115861922589193;-0.14930583889441248;0.8735405371430872;0.4899906749667437;-1.1195671769633044e-14
-147.9399295684621;-26.232534405780378;-5.519194153552834;-9.459383292412525;-1.6188317155294953;20.52696105025706;22.379486456082873;-0.6526231808902874;-4.240951024917774;1.800210798565905;-2.1119445697666444;-1.1314657479307026;0.09788087390873526;0.3362117806025249;-0.06726664126413358;1.4460262484840267;-1.1594187038505765;0.8942608792392613;0.09831400500479466;1.0414677537015167;-0.6074966151689202;1.7742218378280241;-3.4545616541830144;-0.8737009164483581;2.707694391493889;2.3547912428903057;-2.7035893023328352;1.3533353576236307;2.322081073413099;-1.763207518306389;-2.6868351952357883;2.4353929146772706;1.5922206071987954;3.939580445252104;0.9470016412287783;-2.1581519557263418;2.4575009735213946;-0.6980485316443911;-4.229230382214619;2.282868059949774;2.870652639559939;-3.963644692454029;1.5583444201318895;1.3108655113967578;-1.0829244772279887;-0.3771060843483528;-7.542508302968014;4.6755177687849665;1.3756261675226171;0.9638314742951113;2.1905658168912145;2.3798911131958156;0.3682222486478418;0.7568213140592006;-2.558200062126235;0.6520791212624943;0.9643897416832351;-0.04848221137739323;0.9684775411970522;1.6692603391820577;-0.1715007144968611;-0.08263684373985247;-1.0679887792554477;0.04976367359151468;0.7864940388098997;0.321966330585672;0.04388693882028301;-0.195351641600847;0.18637284309517363;-0.968019667076579;0.32715971699970825;-0.8406642060746001;-0.9146451892075405;0.9794954322518512;-0.3561373743696574;1.0737349595607488;0.5146319169883318;0.2400140188698184;0.30059382746968194;0.2662029271659339;0.4496237573860829;-0.7333662907124778;0.06922028627435933;1.8196925672733638e-13
14.97744016145894;21.507982619611965;2.233087894274052;5.713758069855425;9.310792893468323;3.4718857901257296;1.750713491992493;-1.4168420697212334;-3.4965276863845056;1.9505479344273298;1.775028367468161;0.06343236524093068;-1.0148268983936237;1.2693832278163533;0.6557984630636551;-0.6384455843036329;-1.52112531362112;0.7358466836063745;0.892767349076427;0.9898319316864962;0.8990180962094634;0.6372829091152434;0.8642575443224787;0.33410171527744237;-0.4837761311697567;1.4031633077499333;0.1963863152653198;0.2089083655103484;-0.21194385077963068;0.4194906127945061;0.03619206324643287;1.6684411468338867;0.5711521609574659;0.07994984651143393;0.45931100407362996;-0.3514525141032898;-2.279834469177344;-0.14096738691635985;-0.4478108801526703;-0.06246665799971067;0.23957006825166538;-1.9112573258235772;0.48436262347206105;0.819796517628041;-1.0805295457330097;2.2062479094139755;1.1359790872797395;-1.7256966968382181;-0.11600857338938096;0.4025416996484498;-1.1163926005363036;-1.5297031218251802;1.1074196755638155;-3.0462106322353235;-3.0849333656011266;-0.6871138684206217;-0.7651721777113348;-0.19594615894420644;0.8580959644374111;3.1488529856251306;-1.8716080653694502;2.297361363305895;0.07710367195504017;2.08495019298447;-1.3229902317960296;-0.19261623460985258;-2.196973879101773;1.6547876609490169;-0.22772773718602543;1.8407383710041678;2.4516854459643267;-4.605046701344422;-1.4888371403387608;-5.566527336632764;-2.860994703455776;3.238201215759572;0.6944552915209962;-0.28075304524185823;0.6777725053057506;1.3476339711525547;-1.924432042334044;1.5571180809980378;-3.8634817467603955;-2.4006237464306324e-15
32.858545896930956;-13.23343171700041;1.2493051618956637;4.066104525641173;-5.804857751598287;-4.596907889443991;1.2552629971213325;2.0181122217140732;0.07207286921944256;1.371010356239046;1.9332272408573974;2.5005944086538308;6.0816150839983045;2.7518683360215337;4.819643270393534;-3.9426114363881855;-4.739631133329529;2.7538577113883065;-6.351427676750883;3.135350865380673;3.861109036930522;8.15185286093959;-2.503879809141009;0.031050352535463826;-2.6592809985828096;-3.5360561785134257;1.080807145780813;-3.084393937890004;-2.7868958942606263;0.5024509302117457;3.157440583503732;2.828329212365515;-1.725158196134156;1.6086874814103311;-0.9345265119423152;-0.9297245412600306;-0.45439044151854213;0.3777923867293434;2.448047585879231;0.37796537621149;2.9335134166662367;0.9088937376036931;-0.4871709172928534;0.3892857898963793;-0.6582270963364324;3.2785736095982;0.039584257752645916;-0.24575252175769038;0.9787620602180945;1.1081849680042462;2.530538838318866;-3.3122274129283644;0.38641718018163523;-3.5281045246832283;-0.044708404560101646;-0.6358645130532112;-2.2392987372523248;1.2066708956593835;-0.7308218740960065;5.396903388526095;-1.1070613471472897;1.2223682292247953;-0.9437882001215766;-3.473632562764439;1.7297344813053404;0.4739103945624846;-0.229023106472202;0.04881991176308548;0.510270196577716;1.5695109915672878;-3.2104893942450907;1.361771510968133;0.5652399031000371;3.3527058713011866;-1.0451982657922445;1.1090133988211666;-0.834068128423136;0.47102109646921525;0.9237969263766563;1.3582105883347346;1.5601382092204106;0.10014314057660201;0.005749388262395848;-3.528057251009503e-14
29.4763313271566;3.4125702266382256;-11.41282540464301;0.6489107105783775;-3.9866055251249826;-4.4091826779830585;4.038398325949394;-7.674896196458509;2.009131958816205;6.575069920359557;-3.0860720203828165;0.037105011275268766;-1.5543252560792924;-2.0359911831861877;0.35012721326509305;3.8872304032754332;6.0436890774121945;0.5294958722111837;0.6340044298112295;1.3190331005705718;-7.231307800010332;6.076630802510582;-0.9420551252596067;-0.4304488031447026;5.579089944550397;-1.761979170912073;-0.647086530865631;0.3385132077319377;1.2959678083029227;0.7966132670954843;-3.0817571336350857;3.827630504929817;2.3273266677303006;-0.06355906367255737;0.40590228982215176;-4.973852619096777;-1.750168166232488;1.9348262678547234;1.8415918555244188;0.40224064909070345;1.9079315892940722;2.7804776627697216;-1.6860840650077067;1.5830179154505553;-0.5540245307353941;-0.2282955218074894;1.4473080684409925;1.2501732362367173;1.351675656037561;0.3141183711169596;-2.547278178905941;-0.9336816437885096;1.1119070685202306;-0.5954580715548562;1.1714490508431856;-0.3416057905515853;0.773769353712981;0.3750446992589534;0.6775548801874126;1.6885363686838561;3.4828583000461255;0.6342639231682121;1.6576308213144952;-2.221766975372077;0.08884701329949285;-5.868966702320539;1.152825216905714;0.8525916529582904;-2.2770140055283745;-0.1369400344250541;2.431422866710494;0.46883385391436383;2.976159716409965;-0.04742718716273485;3.567784190027673;0.5953860685656823;0.17012035592938834;0.4350712770896123;1.238488829273781;0.41390024037471573;-1.4592132163195612;0.735165362124822;-0.32736757709360403;-2.5920004633724183e-14
29.11223305754843;-21.211602434718444;23.250847608240946;4.656218395519729;12.439028362019469;-5.952014921077322;5.739210442146937;2.112560170127048;5.820467372282835;-2.2060557107358325;3.089374117912047;-10.343725627610112;0.7209615880809511;-2.0204795640113695;3.149499823055816;6.684165336352257;6.191051292929242;-3.049970154581095;-3.4582776927838523;-2.092158511985663;1.1733650805029883;0.934198848902466;1.0567947339660548;-0.48906651652926986;-1.541486362429349;-1.812717868169966;-6.377900271899792;-0.19312538579715655;-0.4461996382812704;3.470926578691409;-1.6783659855933084;1.5899579089885625;-1.7202369501731163;1.564430595139819;-2.6621592374296763;-0.7044071997747201;0.0804931742890143;-1.695235690509536;2.741235720474196;1.9410232123934263;-1.0651764287137542;-0.4420364914153155;0.5471645695562786;3.1153419025977547;2.3288738874804458;-2.5338389085457393;1.331702113114662;-0.6356718167314706;1.8741119242127406;-2.3478830620737132;2.3453222129910167;0.7577008998354363;-2.5139031418016775;-3.5827084494613026;0.1622839887717208;3.3368410403737747;-2.379383020001702;2.6918003424886368;0.2531379069812954;-1.8602054840936335;-0.47747216171079554;-2.57419867564198;0.6913902679663141;-1.1194356981883298;-0.8230686574784589;-0.17341714593887206;-1.1481133954159477;-2.772462862821034;-2.3628960234075977;-0.5767009933894828;0.2985462673055023;-2.71659012552288;-2.611645875167943;1.1146526970065467;0.08539259177080631;1.0870142373308076;1.9322999091490616;-0.7778587743834486;-1.1906033926093587;0.12228168694609255;-0.7045301571540393;0.20534984189375186;0.3406167954090406;-3.368599446025691e-15
32.07131412525007;-0.9931020134644607;-9.698906956942615;0.7234288213091157;-5.714308661970806;9.228928132403842;-3.462188957267214;3.3681535585042437;6.531832661691993;-2.801013912120381;0.5139903352092493;2.6239020061399634;4.176839558888364;0.722868581412478;-1.7758075352400033;-0.7083046407542005;1.890975468070855;-1.6375166648556896;2.0750817788819895;-2.1519454110103227;-3.298960833517986;-1.9460142683997768;-2.060139181454023;1.757665004075242;-4.029674313496646;-1.7099593025616173;-4.011719590419527;-2.5466228206819994;-0.8706217435544464;-1.655845084476493;-2.702928499015683;0.297459228681245;-0.9045897122296291;4.215477447680852;-1.0305646378261863;0.38109131565408416;-1.9535365699022451;-3.698890515179704;0.7344346767484694;0.9023374652444213;2.2870960615313023;-2.2507944293349573;0.32722721973953783;0.2638243355997197;-0.41733664854600844;0.9549012650040081;5.267324587131205;0.8607341567995486;-1.54223272378276;-2.589798850720645;0.9751705088496525;4.082459079819368;-1.1439950722978711;-0.8565454269217148;-0.471196494279629;1.406036941738428;1.3858683916837722;0.4411766744568451;5.00959550108392;-1.4717475001426685;0.05533289491229573;-0.12265283516056728;-3.071728236465088;-1.1949224715051339;-0.4764051351040078;1.7637248092118716;1.2183217233718946;1.409453765797806;0.6498769356220097;0.709426874884203;2.481795721231122;5.217838158185166;0.9627454314865977;-1.2415409601040923;-0.8065865082715007;0.3837184600399722;-0.07145736728560974;0.7343459059812344;2.7223663413041397;2.2289134558102743;1.040812561296123;0.10543406306105951;-1.0757822861237378;-4.243804157197534e-14
20.42559648672445;-1.1415371881637073;-16.279564716341223;2.4804491632014067;-6.382332548662691;6.247312336026777;-8.390240081883574;3.552971419079857;0.5857412785217162;4.030779578122096;-0.266128710671547;-11.280758346588796;-6.274018959055929;0.15346064859175232;1.398982279664773;-3.59949010218286;1.8807737010610452;-1.4568263856018513;-0.30714903155855006;-9.138554698572742;-2.1287804764499842;1.853409163972466;-4.604686487025658;-0.7802817171321222;-0.8835983777126275;-1.4631006425113668;-0.5452199925958336;0.6278984325610113;-0.6801747580809014;-0.6331007082333074;2.097448437423324;1.277352211007796;-3.7590872450514987;2.880948898239542;1.1741309900010302;-1.448834743071919;2.078645988621577;-0.9988309360128332;-0.7676219167345403;1.0657597246650914;2.739323737679029;-3.232697435862378;-2.4058408494797874;-1.8385829879562159;-0.783431188261924;0.5649034492445122;2.653161899958907;0.201285179116829;3.6631944394092266;2.7676449628094626;3.314126819002556;-1.3955671842958304;1.1822777881706334;1.7033435570316475;2.759434424015576;-0.8808372774607527;1.985160148123776;1.9532879338440172;-4.243685031083157;-0.7749689464273146;-0.5378462770835019;0.9192704545580235;1.7007666506288937;3.1660599927484494;-4.694716235730097;-1.4510385450460652;2.0368566003298882;-0.1308238254610991;0.2996463085360815;-0.8029575982116108;-0.47629132478428293;-0.12413067195084622;-0.3141508448412786;0.05855754308693551;-2.321005875428931;-0.9199927231345574;-1.485825096977268;-0.41296041356829;0.20825546643368434;-0.1419673046711822;-0.034145084632444554;0.5858172776231582;-0.23392301081048927;-2.5779492032170062e-14
-76.18797713183135;-2.115421273131159;-10.148517846695926;2.904883741174024;15.024107266729478;-6.840933800590216;-6.933359256456994;-6.306272805103456;0.943116335022427;-8.108898846974443;-7.294387434235059;3.2771941203189785;-0.4989229878812797;10.304726361830486;1.6519057373689123;-3.2974040817837227;-4.494290471474496;-1.3215293447556093;-2.3966213709214537;-2.2994055195066063;-5.314836989111365;2.953346745298888;2.0549152402985422;-4.353258448780116;-0.7786178104129639;-1.3594062087587238;-6.27043221702252;1.4152762167017332;-0.14766558638950822;-2.3645739735945344;0.6537017684621317;-1.5628292565692612;-4.201898313859912;2.9539298730874357;-3.568447265590565;-2.096129680512626;2.7772477918774134;0.459659985267951;-1.9324080380614;-1.0470073651896017;-3.2340031933768105;0.8165984296369228;-1.8231382472873354;-3.036678768071179;5.260319484569386;-2.3531441729410574;-1.270110875217822;-2.6881072262391483;-2.868996816114823;5.063393611324836;-2.4922822020676993;1.3475236975992344;3.4328515086913036;-2.564292424736191;-0.8843808299885685;0.7453697831168133;-0.6069122248384177;0.543456951446878;-0.4924757246521288;-0.27352332241613614;0.4936809392035777;1.4800044925611326;-0.3639697827101187;-0.7321352206968071;0.7850787057649238;0.4064823548805571;0.0014651949311799582;-0.6399421597619128;-0.3134874519640049;-0.4913524207842618;1.9055958254777567;0.35946388648783256;0.03796965965782309;-0.13146253730708676;0.09226202524048072;0.567603197069335;-0.16326341560438867;0.03946058452133196;0.09913752277794183;-0.6155896482153767;0.2910283615044318;-0.17927456616497836;0.16107846969536238;-1.0862604862245497e-14
15.460360499267004;21.437485799654045;1.3845710293127178;6.135588205306398;9.753020880691011;4.297177337452526;2.691158483935711;-1.6599239059560191;-3.4275176334557766;1.7424689478149198;2.1941442698318405;0.49316149969120704;-0.4438753402549427;0.5951200069069483;1.3721648088503207;0.4105561411909838;-0.17713002472769554;0.557032132876938;0.13727348486969781;0.7939510181042371;-0.49006857196465375;-1.0275575410488142;0.09353174601015281;0.3207312088980226;0.316872214997048;0.8041568396071378;-0.4004810597669112;0.5882810250819857;0.3242671030374585;-0.42111687475401777;1.5027187237079525;-0.19728333033246714;-0.35641351825594975;0.28726604135336203;0.40466835450325417;0.43637509117707035;1.0615201781100672;0.6503525753553095;-0.2416243863469823;-2.4491570020549625;0.19792849063287302;-1.0891711348809427;-1.0196094994495326;0.8466020762532314;1.6358186392559422;0.5826177348916483;-0.4150638511913417;-0.45873459408925177;-1.052307168850399;0.011503781672967351;0.21923061236614547;1.7260898851351352;-1.819729228785747;0.531954354507659;0.11303719760117524;-0.6435366482876459;1.4390095587718938;1.790153064202851;-0.41244187724762676;-0.9714470808684328;2.2066251628383817;0.5758866175098885;-1.597003528600899;-1.4482727189368725;-1.7743485821434128;-0.1975964825674159;2.9405816814945087;-0.38362626229601715;3.1740139141524604;3.0637327637679808;-3.453678093234798;2.652890579484084;0.22873687968274234;2.111020016735734;1.4884760663619958;3.3900386477178754;1.6948439788971508;-3.462183898280568;-3.0397201363058453;-1.0398766136234079;-4.589638884705941;-2.4510372674655607;-3.131501843322904;8.224924719342751e-16
30.056645142315784;17.08514815500028;-12.57901439689666;1.5061475089564946;-20.180645377370915;-15.195737010418602;19.36336180082908;1.854615075481011;-4.594805022214413;-11.887103911481036;0.6676958985701462;-2.1290443398891012;-1.851388213266272;-0.9138074062570164;-1.2279097361765914;-0.485635961430192;2.8083198210955227;-0.9081667776810548;-1.166530863478893;-0.9370262102446202;-2.0641822420250087;-0.22176867055851546;0.7776688912127784;-0.09731562027991647;-0.008851310772580777;0.8174890571025925;-1.0052753721699963;-2.783354144157509;0.9382287037641374;0.4445470709180566;-2.644136948942423;-0.6456707104786142;-0.08581418944862387;1.1104706512176497;-3.5292337027608847;1.1606663438655174;1.0462382840701705;2.0063419302010828;0.9380559377810117;3.61415850406242;1.4929081217168245;-1.4173063516014777;0.6861520368563243;2.684695543143784;1.1895174470094887;-1.4033326660055412;3.1243668331701917;-1.7957799423958065;-1.3104158347951735;-0.31346469635592455;-0.2030182946092042;2.2031537464653717;-1.2703792410706065;1.7466134292559792;-1.2280206089379664;-1.7861816577781964;-0.12319843620455628;-3.661450299347318;-1.6921641029869776;2.0054421909422877;0.06595216328914827;1.7206197755898174;0.8607728653162717;1.5053206665065049;-1.437395853927251;3.858989750684561;-0.23055947734263635;2.1429616987833184;0.05620731051964271;-0.3060605953912602;0.03322684423084254;-2.715850810832578;3.7279920289523547;2.8309868862433656;0.73408039635834;1.3064993262803102;-1.5805457097763296;1.6086570141621466;-2.5164853777734226;-0.006794330122788206;0.4754797242091958;-0.1938557658426174;-0.27641574657334717;-6.07476806854951e-15
34.90627954115675;-9.089478629936286;0.5676672305411906;4.84037086938882;-5.29143089782413;-3.0928972537275645;4.362504595260844;0.38380163761179864;2.5173781107008106;0.15004878303006333;-0.27529746839206054;3.242307905812003;4.658955146024993;1.1774429833920153;6.702042603239815;-5.416914988528854;-3.2185137917750257;2.065928456067496;-6.484923042650687;3.6069415098784567;1.192845826287426;5.348179833544119;-2.535134061755097;-0.784055267881053;-1.6848227718696975;-1.2369757604891738;-0.4760887526972603;-1.2966923764523501;0.32791950175481677;-2.0681123715047303;1.1120486064886226;1.1919189627669458;-1.2226333858876441;-0.7086919784735111;0.152968719917247;-0.4265181743812105;-1.7634499725772184;-0.4304122280666259;-1.8880794470997775;1.1947591273069196;3.1751131820789626;-1.2750106592259334;-0.8092592701863308;-1.6274614658925206;-1.9248032307585234;-1.0349935159079262;0.651537181365808;-2.6693356377173965;0.9660614624804901;-1.2555077051566141;1.1846760115459258;-1.072108443802686;0.7709666531012489;-0.6769783643098558;-2.5254064820986324;1.7152341289381052;0.9377977685304111;-1.9206525598652933;3.2592888305683214;-2.7135493012218888;0.19619986156555735;-3.4891572571247123;0.10739833776381577;2.691834785088048;-0.30599096516621005;0.41419767401145424;1.260510015852682;0.06874054257194467;2.545809099399155;-3.4195801781947837;-0.8653283357242676;-1.743440448258769;2.402220704346912;-4.016905763001104;3.502541445656026;-2.0077291396978625;0.39274044712731765;-2.395524770437086;-1.4714556145787228;-1.8569315714075063;-1.3007524477797248;-0.033731062699748696;0.8595173581530553;-2.8941459248006784e-14
26.92374950837688;-4.924690814453919;-0.9618165341919629;3.786438615809709;1.4935205086509495;3.1855367643379826;-3.9504315430743913;0.19887135819826326;-1.785201639866268;-3.5911886264537847;-5.370460533383888;-1.185882513742661;-2.4495319302900893;-4.063839014398033;-0.060072551580347786;-4.60883046361592;2.3058086855515563;2.7180282876416273;-7.777508400402311;2.7791808873030295;0.4621647154516107;-1.8113852490710862;-5.150182450385289;4.123745192063159;1.4260841833263587;2.100488035124392;2.2399884728292214;0.26197315382062303;3.6275577221772037;0.9404303591656178;3.5589791177782364;-3.3318895430573483;-4.75015422772137;-2.511397564666461;-4.964640110365857;2.0697568565730275;0.7850225878613201;-2.1002989799381937;0.8184331896628164;0.42605037525594674;-0.38908219011228157;1.84222121075692;5.595504840103535;-3.5742518852194403;-0.750726312962804;1.6649868436772106;-2.4151569826257924;2.857017045205726;-2.485542664454841;-1.7538100170686808;0.3763595286039925;1.6550097295350121;-1.7069909078002026;-0.15376539491972407;0.7966018893599484;-0.30338077139726116;-2.828993998286416;4.011096728950446;1.0429538503599047;1.9704763853878633;2.982654112470724;1.3730055918393442;1.3663075850185502;2.0634117563151335;0.2702663488616541;-0.13419457597524864;2.9815586930862277;-1.4565760223878765;-2.7708784011096315;-0.6536600502554255;1.878343813779416;0.20382991715635024;1.6883609675376916;-1.0926061331890753;-0.6393130642931288;0.29394173067676654;-0.3579175472534385;1.0801631002810526;-0.5117167809363631;-0.3893025211756219;-0.9910529934696658;0.12624509756404975;-0.37709173371788124;-4.9700786664803986e-14
-147.26354441517802;-25.804955134578385;-4.544693263253993;-10.557298454108043;-0.8883112288098547;22.70438712676022;25.315129407518207;-1.50897174678902;-6.542789037974062;3.1329717882483004;-4.451260136231797;-1.1370066950305748;1.623187624272187;2.798542789348647;0.3023627167095495;0.7556321477250896;-2.572417538493711;-3.364064487098442;-3.7204172147606216;-1.507064653826723;1.7292570797044384;-3.270742661554487;-6.901246708166342;2.4422258834479273;1.0253575567609867;1.4910381068642502;-1.2297624168268837;2.1185098767183455;-6.495309760302245;3.8054588043289006;1.333065899887527;-3.3657941772097506;0.14141765025635586;-3.1637769216840956;0.39648092895854675;-0.43970690032268733;-5.584618001443741;2.055868577369515;3.7225416706129053;-2.6179322201830013;-1.8187516610954535;1.5851641222097224;-1.9056942967077706;-1.232717080248865;2.1032851078602746;0.6387788531922909;4.859505581281398;-2.5604831277456648;-1.0123970434252758;0.38086669525983086;-1.0626048134801087;-0.575928626063113;-0.8775345250626887;0.4269085126736625;0.7797070453409091;0.10435616717043131;-0.7698251350065811;-0.5591686893707686;-0.9761931637355732;-0.6944668518646979;-0.3109260603926701;-0.09702018600306575;0.6375164357797828;0.013504605158930427;-0.11709134912082332;-0.1418335478372789;-0.5332342944424779;0.15724771525185427;-0.2817114826975417;0.3164497055233782;-0.01766954840223406;0.6827802721063588;0.5371852634539043;-0.4337741348371765;0.27391158921136544;-0.7170201426959587;-0.32734665843107064;0.08453951472618457;-0.229995631829643;-0.1554213034870239;-0.167999789729585;0.44144373701553197;0.010324204826304207;2.6307104867620407e-13
27.937440071701687;4.641073372822162;-12.510999883368996;2.7340021362973483;-4.587217874209478;-3.1017605753604975;4.525436002022598;-8.57746096117268;1.6482797978136519;5.103750683067891;-4.718617708192198;-0.2107572699507461;1.6610138179643372;-1.0860834298085729;2.9595049622906346;1.7625624387706615;3.132990659307451;0.1942140845170243;-1.732984968065398;5.586893235694446;-9.935519527079936;-1.7844447542648694;-1.4130209201405262;-1.6530447133753798;-2.395698175361932;-0.5577280691522838;2.13906878440153;-1.780409302089313;-0.12026504103606167;-2.1419421810467436;1.23092180503789;-1.7840133112240624;-1.1938538213507741;-4.988969832017059;-2.190811004033879;-3.294543604990026;-2.061938552629555;-2.410385798920982;1.5851580499068412;2.183708552740539;-0.42534726422623587;-0.0910159969250322;-0.23094591348997548;-1.8323788566598924;-0.5257659315225576;-3.035606894682154;-0.3237848591287365;2.048404301373775;0.5718213604679034;-0.7848634021687696;0.9248188698377233;-1.6618253489340231;-2.308964892187517;-2.0503632660703466;2.9638517017012833;-0.02385797474785565;2.4158635916020827;-2.286839394532105;-0.003243169189431039;-1.5647274666198276;1.2439239485835154;3.330093650565928;-2.987473010395345;3.4462372709916944;3.0062817649858826;-0.07175171550915384;-2.9805674781517744;0.1315185345350891;2.4680144751596553;0.17431930445517319;-0.3504020212491573;-0.7321932582268597;-3.7658522967197476;1.9172469539813164;-1.8353838798644735;-0.23140638288876597;0.15001490410931834;-0.8567993237031932;-0.14917682645543548;-0.38668229955339567;0.7623167381951693;-0.29508297648384835;-0.5064217488641162;-2.4462836913903665e-14
29.276964164332288;17.826534856600766;-12.725921819287066;1.287600380273143;-22.224038243198393;-17.801167206267536;20.19036357758569;2.843786139643744;-4.885762594834593;-12.330465488304116;1.0144393952406852;-3.413235404495589;2.2343739649048397;-1.5014303213921685;-1.834882940069503;-0.7633035454810827;0.6364524543789889;1.8874523491548856;1.6529763194165101;-1.9202484983225316;1.4813631642387302;-0.21583924125925102;-0.7766024666809245;0.032948378603726604;-0.7246213663172966;0.724181336693362;-0.10871300246602325;0.6521425621258281;-0.8554987757027834;1.0287215429416008;0.6197391756045024;-4.246876793745319;0.17287504125302566;-1.5790798181737058;1.250756492249615;1.8046732415867233;-0.6196256164078686;1.4778807763307074;0.24778958270648227;0.6685879814219906;-1.271333344519978;0.9260879242729719;0.1467631717399326;-0.29461454243463114;-0.4475082015032486;0.3191830026993581;-4.047149355351709;-1.2948851100854624;2.021969660735952;-1.2924495634526056;0.09805615742734188;-0.4092338492003153;2.7081130166892295;-3.6463679898334362;-1.8521652880416208;-2.3423889403986906;3.672915566547684;3.2700579870687903;2.828346259736692;-1.5781170857040048;-3.0343627393061;2.1118497704403305;2.1564727541112845;-0.9644343038286055;-1.570924809026483;-2.843267214494538;-0.09018186265719928;-2.273209052791567;0.4883505251111576;1.3556109021485088;1.0284333831641654;2.4558252547306236;-1.7880573541856786;-0.13788228155678148;-0.19907161162050568;-1.7028592737488213;0.5926254515810649;-1.399758020332075;1.3315943357364006;0.1098536558943889;-0.24245399008851465;-0.02683869935840628;0.797486843986812;-3.31364542937877e-14
16.280529474722382;21.79066834868944;1.9817926347772323;5.005828751591056;9.563376282693817;3.136091380141756;2.0648353954405008;-1.6534674468302417;-3.055160440170509;1.0269304072312668;2.1277615955200373;0.3441938112334499;-0.9919321271958312;0.7929200753389272;0.5711966089630951;0.05813964768319982;-1.4208834193618827;0.31078475484309737;0.43067182098553497;-0.44206786725534714;0.5832274679839183;-0.9437673003266822;0.057367596498500414;-0.9386843219792795;-0.31361502748637926;-0.39131659654691625;0.1157634700926323;-1.2305647516723608;0.20211629789144642;1.6585483089558644;0.43486174886537005;1.6465152278377186;-1.0553339095579592;-0.8409766982772638;-0.7509548277132821;0.12070069997723175;-1.3475045038103821;-0.5687213270734622;1.5682633121196847;0.9452701636726163;0.03620194440051114;0.20089647207666564;1.637213253355017;0.18577990751392529;0.40230784400271524;-1.2310378709306737;0.6149073132370365;1.260121096312588;0.8244786602959407;0.005442890840928112;-0.3939429650799788;0.2792382410004675;0.6474848584331179;0.49960125041285824;0.02054875773829639;-0.00953297794820268;0.16970203897585467;-1.6773450528579992;1.104622857011587;-0.07863355487304052;-2.329412316719507;-2.3238515330248783;0.7012095862851545;-1.2944444822686734;0.03318699301221742;-0.7247476176824292;1.3072464658675258;-2.075720926413598;-1.4075208111831525;-0.002222610108682322;-0.15857290843127622;-1.1274985427945232;-2.0625825950337497;-0.2904273533614997;1.7237882250932732;-0.02076001374699853;-6.484127706270825;1.1630564588616101;3.2172633654818124;-4.149886220901762;1.5385135783210817;-4.8955326033007;-2.8647361850655;-4.6210697956809455e-15
21.95144197093068;0.8562313667319222;7.315546897692508;5.1760147591924;3.7327997438639082;8.628618669407087;-1.744486486116146;4.666457330490268;2.924784397642148;-4.83908259045062;7.0687917628959385;5.029952783330859;5.503389165927729;-0.8277672565864878;-7.986079427408005;3.116261940877004;3.2499280243455244;-4.209237040087045;-4.618119503473055;-5.5573177412275;-1.04661749803139;4.684561865374131;-1.7150595685793348;1.05058341008655;1.1493963877939812;0.6244285054560703;1.2273648346842922;2.7763869333193907;-1.089487902796753;-0.2578305919702146;-0.40404958330090457;0.7480682245258851;-0.20004706848479004;-1.0807384078908049;0.3728193416623347;1.8940345944247885;4.898687758113759;-0.5299110281836371;2.6168500876086243;-1.4258935609704508;-4.029483481771716;-3.243530127920186;-1.4925755083669972;-1.91926344476016;-2.5523260386834394;0.9049649704560242;-2.8765267643247996;-4.546230269867961;-1.270643582923643;-1.362237839643218;0.7830772884869038;-1.7940670543205144;-0.43101668737357157;-0.5513933516786903;2.789327067866965;0.00967496534292669;4.191397069233843;-3.653574516277596;0.34953102600733366;1.443065198049471;-1.7963615562137383;-1.0889523508595094;-0.9339031536607105;2.765365131505775;2.863680446195772;-1.5465706230858314;0.155587152483419;-0.044091554867368404;-3.139897405604374;-1.7135982259331197;-0.06257371500385507;1.1939529328446001;0.8764373686695516;0.3651806462184873;0.3801461866780226;2.9076206608518063;0.27505739401290513;0.22547655487353063;-0.263886306117275;0.18907226362828594;-0.08266447901094538;-0.38774582347431336;-0.23435290781002246;-5.526595450140839e-15
-108.83984617094046;-13.347121620503792;-9.394057592968608;-3.077374175312903;3.963586075455269;-15.779982750841297;-4.295401147134782;-7.132746021707179;1.2832074976606134;0.7868249910449883;3.888075124916712;0.7062035255238432;1.3045388363568797;-2.3483175374317464;-10.685287081068891;1.7230515353441123;5.352988018768073;2.9835959000210956;-5.107237243604605;-3.2373782309742904;5.3960260054276;-5.201156574492869;-1.812581240978753;3.3298718141069097;-5.3316940977861496;1.8040278222855284;0.1895613676689882;-4.177490163505581;6.323735376466353;-3.0713815775824527;5.672598228201943;2.6066850645184685;1.1757224521471368;1.5482683635801777;3.23508163196199;-6.676625097424659;-1.6668152543914394;6.404416526685889;-1.9943087933133068;-2.0734233902958072;1.381623984620672;-2.0802340496573093;2.898361914230131;0.6427694766734736;-0.12697201118038623;-1.21067444840412;1.6791029762219114;-1.0036141028118115;-1.6323510663494805;-0.11583288770606096;-0.5775670495019136;-0.44949934894702753;0.6507049314295265;-1.7969683656254893;1.4733187371305287;0.510663720214099;0.14757074937547415;0.46961369825533034;-0.6449606649686551;-0.4126609273746914;-0.4801627271157356;-0.3031376180727802;-0.4447332330249748;-0.11018146703060615;1.0769466687421354;0.002134688347112243;-0.21668506790481076;0.05998194761942527;0.3263267129986753;-0.014989077514375436;0.7079463264144867;0.15930111300758337;-0.28877920345175084;0.13111222383007734;0.29159837733674476;0.01004926296634574;-0.5453070526276553;-0.40074406760956477;-0.35904114693049394;-0.27190094601868525;0.027495599320059943;-0.06592866312689014;0.0047736501181449556;9.813354058032925e-14
32.02437091375868;-9.147849306538024;-7.736078540303579;0.5956600977017144;-9.32872462398092;-3.095760692449396;-2.6761333605212987;-4.699765745646384;1.4542786900530142;6.026861038104353;-2.0544075519200096;2.7943692030654357;6.096044664367423;2.597483153059465;-1.6520568773621183;-1.1095125491003508;1.2366968747352756;4.877063120527027;-0.6391016576835583;1.7292356897891388;-1.363357317857634;-5.62221787135332;-2.9671479540430474;-4.31643210353363;2.1509313094401463;1.0291254401310996;0.229352573537512;2.3667651820533684;0.28160460987602426;2.554463897789449;0.1749644409794219;-3.6938659530656093;-1.380529951927855;-0.7358741869560623;1.2212029540895648;2.7670059124683446;1.199344090591251;0.6087675593327524;-3.682490052437159;1.805422395843847;1.1045590175289086;0.8711358395107962;-0.9017400969502657;0.5415098922530448;-0.31583576252704654;0.33097887705273926;2.988214686905137;-0.6885781619822392;3.014755247670505;0.6300873035867159;-2.5778577532987;1.5356279519226248;5.118683030733517;-0.2568085670756048;4.048564936147592;-1.867183149954321;1.4510024539761344;0.5709662005256019;3.515047725124525;2.0873839413157937;-0.4590869729722763;-4.942537353369687;-1.3963135460054363;-1.831140606774615;-0.09088395608146563;1.518522612926525;1.985671505859895;0.848930553217132;-2.455081146404579;-0.6923144552493141;-1.1196158248829005;-2.6157096450679;-1.9796512424839152;1.502956988377039;-1.619942393489796;0.24686018576763252;2.0235991223209338;1.1539332789088226;-1.8328231302811948;0.6871072056297437;-0.16614409262425686;-0.24725524178481198;-0.7068539194492335;-6.00177292775243e-14
27.80488957879753;-21.245029592787898;25.051731465608064;4.625872932387405;12.395813047879527;-5.729374707245582;4.645608152767378;0.5786797132836514;4.945889469785559;-2.158808269313334;0.8679165907372878;-10.587546190768176;1.0578639133130907;-1.4701215109602905;3.48879070054678;5.1228645221872195;4.8533567011538645;-1.458529000307336;-3.9266877367933417;-0.6909743137372123;0.8122099706460205;-0.7836616980281201;2.2906915712359535;-0.5189343010328036;-1.7300196566302384;2.0617633410271625;-1.4380559436838152;1.5224670842563122;1.0185389697741003;4.114113012779007;1.1443719818132012;-2.9059204298015286;0.6585439177842212;0.3578658424229969;2.6952055025254875;0.5448423215295689;2.1788998851814094;-1.7298526675573105;1.2970935646826065;-1.3961827702037586;0.9308582855176992;-1.9562498611773653;1.3424437359821406;-1.860813363679018;1.5864752136072335;2.9676509128023225;-1.1538272827742075;2.984893806476807;3.122128745329834;0.8812854635118806;-3.659791765303645;-1.4494087468851875;4.527056643747372;-0.6228298675506405;0.3555698421327653;-0.5671779067057453;0.15805924645712222;-4.695828284747732;0.056880528309794655;0.45633868006567635;3.9407960199188197;1.5375432425206603;2.4479305692161213;0.1928615209641987;1.0477780987269592;3.179065638369285;0.6363601102361693;2.678365277594984;2.310155499319929;1.4622587770164164;-0.48963052127351825;2.409137105428735;0.00018163411064361898;-1.8163271830887717;0.8497533324772086;-0.8615521578304745;-0.6440537110953874;0.023149488200176118;0.675066286803111;0.3969693836078631;0.5790866250913766;-0.2773057641186049;-0.31635754583742065;-1.550609243201997e-15
-111.07325204478386;-10.53619105520288;-7.818119463748251;-3.0039220289105955;9.8256973377043;-4.648967178069259;-7.163742249070041;-5.140208021114497;0.7709960784934776;-7.358355531378261;8.104422291179816;1.0122445315034747;-0.7338195278628252;-3.8278662897049345;6.842573045975495;0.005096565867421188;1.3404264723731314;-0.32392787429919195;-2.3972813121226086;0.2154113928779175;-0.11444514008458168;0.687606439953932;-2.1149743651778907;-2.7404669916377875;-0.13365216882575248;-1.9995806104338165;8.969732014886182;-1.4206912233355793;3.949070895982664;3.4322997516523133;-8.448385540834318;-2.2040332206714184;-2.7137280710130662;4.8845347173493465;6.098984144589609;1.7701622365238026;-4.858868029957174;-0.26726506294339286;1.1280722751704164;3.629408424261239;-3.757906819609873;-0.1900689888393244;-0.5096649108258695;-3.6696399948818583;-3.093290112728207;-1.576026185630228;-0.16732501453246054;-2.0995381781366;0.499310877499407;0.640294333292213;-0.6878005521664878;0.6029442872752312;0.16950537775156846;1.896308412418085;-0.7257970550653335;0.47101888111962137;-1.3607431102418766;0.4138565887033923;-0.6621347728016056;0.28871085891687565;0.9507794271015377;1.1972806449101396;-2.205511612507179;-0.6544154569091571;-1.04486609337537;0.23243590514779508;-0.441439230063543;-0.8519475872369716;-0.8054952474115118;1.0105629752318785;-0.3486739253514548;0.24547101419679646;-0.5115337599477638;0.33748222105860326;0.6123828849546147;0.016146350344624315;0.05532478109330858;-0.6372499272782834;-0.10369679450265715;0.21699059100296558;0.0435348592399644;0.09935339467568724;-0.33900256040373655;7.277882225545224e-14
34.9063426589773;-4.1578869034575785;-8.409228210601341;1.219687131961281;-2.6329369317642373;8.583633076868036;-1.2532351613452735;0.5767212661141266;8.976408683468591;-4.945259310171811;-3.6838681317686626;3.808939718883279;-6.891547310962891;-2.567532980169748;1.4682694962016654;-2.322657890801016;2.7120812827051806;1.554999494542094;-3.562638207164037;-0.1366968521872789;5.240354008918461;-5.46395675147878;4.302774037738613;0.153262666995969;0.8007259173218997;-4.902441797513252;-0.44102112858500725;-0.20464378408779021;-4.242220893882843;2.0493228644090116;-2.663060922187626;0.6674277908404068;3.326641426930421;-0.7459422918112767;1.896473432392539;-2.534219839607895;-0.1807561101759226;-0.4033454755107995;-0.38675516448253044;0.3555226821876919;-2.650294515436237;-0.9224298704886602;0.45751029013721783;-0.049533486747179604;1.7900088545609874;-2.151933326751811;-1.8087103194560548;-0.8868522522031475;0.4097181919453708;-1.8599952727652092;-0.031803000532184135;-1.5072005021835522;2.011740802911678;0.4485881840186229;-0.23262158039201145;2.6553694006745623;-1.5471044930053492;-0.2597625574070912;2.681811115580099;-0.12901443052596742;-0.04951680117235414;1.1931507088720754;0.513351547065107;-0.7047023622551787;0.38967369194538;-4.4281641897775925;2.073063953337791;1.7816717095920165;3.6414434677348444;-1.8066069266263731;-0.585524298466953;-0.46062098702502635;2.2989730382490765;1.0872023491062057;-5.052683864823969;0.8217958671520553;-0.6422712847032629;1.7746906996840501;-1.6900567621293743;-1.2241587347511527;0.26618527968629535;-0.5901453673680817;-0.31863791886289333;-2.2630968923272157e-14
15.954654270254515;22.46674313504867;1.5795670142581428;5.021311311502015;9.684713796373348;3.327496726154799;2.317491865644292;-1.1128909748023368;-2.92861113552822;1.7691523191283085;1.2932473911037414;1.0935602234723873;-0.2602145598977981;0.5703478357499756;0.7056117554977692;0.08466591249448621;0.1949901064796145;1.4947417199735111;1.55765528365009;-0.7092926617495926;1.4217947604161814;1.8621476790028402;1.782017421240164;0.8318522481599014;2.694087073725398;1.210787131476931;0.8868286509681677;1.2383164003208902;0.5852710461423715;1.985850214934205;-0.260369184248085;0.7211393816135586;2.7993996591386674;2.1078455973729566;0.15442606176720095;-0.6549736839768041;-1.254299082366698;-0.6165661251671108;-0.4184178680434233;0.4338879081496997;0.808794508818189;0.668481006479579;-0.9277580530180235;-0.47137667055918464;-1.6084415771681628;0.654047717174578;1.7667513493800362;0.6168704491686832;1.3813949172473714;0.45653762840271433;0.7033795895942768;-1.6259392584626;1.0104257187789156;-1.4742334629501352;2.49217017821278;0.6666692748773927;-0.09963473273261637;1.6541316710101137;-1.2304652246466647;1.17461260093541;-0.4258204194417356;-0.24041583924445037;0.07574270046194398;0.8100299609472926;1.2728800268743115;3.8811454465702355;-3.5287206016177146;-1.7467974442545982;-0.0752953999742038;-0.4309550394122848;4.787297806994093;1.4402374411332055;4.358477887322199;0.7412741754911588;-3.2160603725631276;-2.2490158792165675;3.4225758681215894;-1.4858764875841817;-0.3882955794139493;-2.415106895171514;-0.3592876735597259;-4.517803039670144;0.9289032984792824;-6.1233403258768605e-15
-54.58681278759132;9.749965466223202;-18.93619034249226;-0.16864821959328283;8.370154105895102;-15.764846973009439;-3.426584182230339;-10.127961282831874;0.8932883224030352;5.191855719389788;-7.35301886684039;-1.2313706184369582;5.429304394378105;-3.389381242180172;-5.095496977412368;4.260691891485705;0.7407294162303427;-5.566020343041519;-2.5536203790096437;-1.492845172127284;6.99042332763129;-0.5962309022215144;0.48846627864207237;0.9454514313777165;2.449733741335037;-0.9439325332360796;4.701021184171054;2.2860268103023365;-2.857346841945687;-1.8209864596839493;1.4859322791390772;0.2374691107059698;2.4020743831234435;-2.571193691768607;-3.209520194299419;-0.7272056862627806;2.0134792413328477;-8.067054304232057;-1.5609421167674031;2.661613745431672;3.855001644969653;-2.623308819901688;-3.529205729676788;-2.8022895351340273;1.3951833669368094;1.3681498154572658;-0.11385745029619503;-0.8670684939816385;1.7542541062636359;-0.553622682539819;-4.10406325915168;0.8202179499310724;-1.9176543429629098;1.3572781244186027;-2.8420333165681186;-0.04019213693563942;-2.742212419778538;-0.6992684652707916;0.11403786503336996;-0.1328550924657776;-2.161547389014487;1.0743681664540934;-1.01057090693325;-0.9527271676575427;-2.1853619101321877;-0.3940281921750641;-0.6608371962311983;-0.9194420881768901;-0.5965683817191824;-0.7960881790536191;-0.23563479384912664;0.67294412951841;-0.033926830564278115;0.6888031143438291;0.7247087622208377;-0.02072861806087888;0.37289938489620617;-0.11878240773743212;0.23334766099268792;0.49975282605917043;-0.2062116920049755;-0.39413427622428004;0.27275992677808314;2.498025159838729e-14
32.684600937024314;-7.4860523110036485;-10.228215733486918;2.7935622850834565;-11.975346600477991;-1.837586224015757;1.5568020579941606;-1.36845054467171;2.0468217627086776;4.558629409237372;4.306548660046445;3.458689716983774;-1.3840517598825093;0.19817091710850868;8.463493154474817;2.1203684218108005;1.45523403248196;-5.326824358913733;-2.896309853188312;-0.43184996280554616;-0.26147420564761137;0.03413138930835962;5.79491918432129;2.9576584395284433;5.20890890643254;-0.10301794279354332;1.0694892193727061;0.7504192540850612;2.957435409520794;-1.593451552868811;1.8911072407282037;0.34287522106598883;-0.4293575630021928;-1.148049658699436;0.21259051084425795;1.4766641304210568;-1.4365694633795014;0.5832057780368657;3.8941359674892073;-2.985902250207513;-0.3621000394443015;-5.131091168680708;3.7287295165252083;-2.628944876996856;3.2726016963981825;0.21897374835143185;0.12789981991837726;1.5651964975162451;-2.0615526185011124;1.784511149503246;-0.7469758769229148;1.5088108655590757;1.1896792391711024;-0.19838767750721484;-2.3334260287228608;-3.105957752523572;2.5129145773021815;3.6922156832091635;-0.8084392608561223;-0.598450471040737;0.34797248744594794;-5.313403384647793;-1.973247024959999;0.5347990102115736;-1.5940880626388758;-1.2036495434605237;-4.454151070043598;1.1703830346978235;0.415559710888833;0.23317969006991365;-1.446266845373531;-0.20905948710019448;1.1261267109201294;0.33686653396355426;-0.6539583888378175;0.41647076135534233;0.23539608437896078;1.3953437887243163;0.9286606680129951;-0.25014112479427764;0.8912327290523251;0.15739271534635468;0.5803591892563342;-1.9924800300748338e-14
31.615874574776413;-8.616861957174564;-6.004139020457396;0.7518315678983389;-6.067937127738929;2.5227295948824167;-6.465049945583725;-1.96769678815649;-1.9908268711971926;4.836556004681473;-1.6118745455897898;1.8159985499509057;3.4293277706608283;3.240458947783882;4.908005295636161;2.3199143423457054;4.448232424132605;1.9635136065063932;0.6946519655060686;-3.5847505436025067;3.86982344952354;3.940992384479861;0.7656812440450305;4.5124050150458626;-0.6165001462177676;2.8311733678254845;-0.24802248030066018;-0.03227146497302664;0.5135753025544567;-1.2454499362554472;-4.7405261819261515;-4.410015600730932;3.804419965902028;-1.9041345278487682;-3.435243785073896;3.1768335802958183;-1.9354668533139918;-0.6808224390190057;-8.11117105800835;-1.811036550476713;-4.277297818822981;-0.076598186899867;3.8659026679282618;-1.5503979546895175;1.1785771808502885;-0.6692964777485197;1.6332811870767048;0.07287190476841834;2.216698630915372;-0.1580708401619069;3.4478849317440203;-0.6499123593233671;-1.6219435694066984;-2.29634503313366;1.4495932661634232;1.1844413532033002;1.1075283819050818;-0.37111071565595133;-2.9917301472849234;1.7866572529747462;-1.261785043056382;1.8586101409713736;-0.4968799832442818;-2.694627258257202;-1.1405299787221632;-0.4257914289743509;0.7105032537234688;3.368377071416605;0.8826227953982264;-0.5421815380605226;1.4354262357449246;0.12429805471473732;-1.2617914702265813;-0.23219711674140847;2.6719477444442306;0.6548864675587706;-0.345934713073274;0.048590881876679384;-0.33598443551254104;-1.5023065653299792;0.6708514605704691;0.1994436894035863;0.38033166650883954;-5.4820497743497786e-14
-102.54576958184157;-16.329328059429713;-8.748950714046233;-0.6015380105895409;10.028408488335922;-10.218598533473033;-7.018339244869363;-6.788736586989715;0.11707955975419954;-6.280453702438547;2.0731011219691746;2.94342534864952;-3.8384876650850104;7.00986684957606;-0.884412157482873;-2.4728043009544503;0.7826880291820703;2.7385319690550927;-2.4060842972236127;-5.444633515797204;-3.551981692755202;1.9355290920627033;2.84868608735371;-5.900396018904632;-0.9307173812421432;-2.9690897173213338;-4.072326307340953;1.3242940642135492;4.336302706427031;2.2713834091662184;2.573244061991513;-0.9492978756992413;4.909822468480651;-2.173135439963395;-1.7548279704316612;4.0751759903104805;-6.723084591697608;-2.5816010127416003;-0.43172362105581186;-1.6885487327080282;-0.49116473112238856;-0.613359269227835;-3.003496925199719;3.387645132809557;-0.36428620874713347;4.3813728214355185;-0.863013165283479;4.335141101862724;-1.397659072308348;-3.4315840650156244;1.4835406821328767;-1.1874164184780007;-2.5744737457634623;1.900317094852204;0.8489374787762024;-1.719473499100415;0.2512524266674354;-1.1763598094669432;0.7584118748197021;1.2064466585062827;-1.1967357694644658;-1.3337783625045;1.3053526991057345;1.6328403864706722;-0.32888924505589834;-0.9670791271893469;0.692659469134801;-0.4246506696003814;0.4545065519200954;0.7819920081985068;-0.9700834718112908;-0.45082584326671465;0.3221978639643174;0.10219074166778441;-0.5533731878924589;-0.6187887623842766;0.3181784779188808;0.13836360725160116;0.010429750851332718;0.2611436653970273;-0.3244294575263482;0.027527306873802972;0.39380569302906787;9.156934694723301e-14
32.897188677952926;-19.893664765491405;16.38590168662454;3.4701782818672973;0.37550878289186074;-3.1132230656556352;-6.459996570540577;3.543983873144731;-16.818734134398206;-1.7922444969355416;-7.918841759163517;11.255439454211466;-3.274459735206934;-2.3449437402727296;2.8337962233084606;5.228604832085144;4.065595915279794;-4.496787401304174;1.5085446850384763;-3.6905626653940544;1.7233392695010223;2.0074816412657412;0.9832600655673759;-1.831379477601033;2.0169111940881885;0.18008060089319164;-0.39864429344376023;1.5945741143549679;-1.7193980672751161;-1.6742300151116671;-1.577312408116155;2.4621735660946045;2.6618010064652653;0.3841893566168762;1.3390482263541938;-2.847701911800341;-1.663172885088696;-0.6935681388717925;-0.64574756269118;1.395842570830701;2.036373630479653;-0.08328455888722838;2.048407927554493;-2.345266739390114;-0.4964452536423144;0.9753820816562064;-0.8157997743064548;-3.448278102009721;-0.4658939690479378;2.096667734256281;2.0568940872177777;2.655240422279664;-1.5456294294210955;-0.8016441574400851;4.177004561358519;-4.468330783402063;-1.208211919645192;0.37738279147095155;2.969701110712123;-3.196294479320443;0.4141729125634647;0.7466948302056549;2.3416632651927833;-0.24931650780714423;1.9737231392705472;1.9787938391646769;1.6323744877334154;-1.1427662166978088;0.9019677020375477;1.9615191171017416;-1.1816487946749883;-2.0231884013613546;0.3951164799573516;0.0534230168207751;-0.8070212795527489;-0.6724965497330059;-0.5531044495647878;-0.5098271980007437;0.9353978026802073;0.4239646750230313;0.3274631263578988;0.9151952112741288;-0.28679649635821997;-6.47222993443734e-14
22.31682758189266;5.622195423855954;-17.3253886886916;2.1102202394032914;-5.768364340498905;6.713147058779389;-5.237402315398104;3.7058320301042484;-0.6504141210651576;4.084998929835594;-3.6532456227542025;-9.37573833686881;-5.37115113051598;-2.7920486965719142;5.240653589471748;-2.3363308134790017;3.3740553487275213;-1.1661156484511703;-0.7147942707152376;-9.367254376246091;-2.3046819648974557;1.5746867092490522;-1.892789377924785;-1.9107286972039683;0.8717927043769899;-1.8281883836948596;2.005697557235579;-0.9120071917689643;-1.1317164999065827;0.18396781020092073;2.553355646875711;-0.5154707058772788;-1.634753560399041;-1.3764686217465456;1.0413875285320726;3.1847887036148745;1.1543926479478444;4.209641839454046;-3.9273946506773;2.4767031114950173;2.6089918818901254;1.738425190541303;1.855873057397796;2.400591014083588;0.7300118567762544;1.6632743363431965;-0.9984020315442367;-3.605309332869076;-2.7171782545534047;-2.969311344216618;-1.2464060061212838;-0.8569615388955306;-1.0204937173388255;1.4573305106837806;-3.0351997863383238;-1.8009857447274715;-1.7806559459541416;-2.48122022816074;-1.1415119096033681;-1.0836104183162933;1.5828355824558733;-1.6607089986958707;-1.245406103666801;-3.3528150560782928;4.842964863273681;-0.3998124826733028;-1.627338758702847;-1.648807914103447;1.264098590461422;-0.198177380038746;1.2839377412389832;0.7789777245253117;-1.5854164219974018;-1.3614593265272934;-0.43651176470071457;0.7816710273934404;1.3104534664865282;0.32317055403995293;0.04861347799024285;0.5164992263612352;0.31898179040974606;-1.0658837440338638;0.1491313465766782;-3.1540508695889035e-14
16.240133695514313;22.004426035581538;1.2945628104561242;4.944465524439625;9.843521738024313;3.394567653968135;2.307794961976831;-1.9490364096138098;-3.0395233550712675;2.115605378345617;1.732124854859883;0.5282143514341484;-1.32680690614935;0.8441373243438681;0.7641517283952517;-0.8020451256947301;0.3027553648620998;0.18842508007695832;0.9684975137348665;-0.46156097110133587;0.6813357182254929;-1.6407998514668398;0.46762868470834074;-0.6800456409233652;0.7770745818429543;2.0680673752097323;0.8663902212020325;-0.2110343966971806;-0.21891358384066784;-0.10362150021768496;-0.2871827786880368;1.8466453217571126;-1.2319891825540448;-0.7290765065861413;-0.9875469388505124;-1.4170386239309296;-0.5725964316046993;0.34130297020823913;1.7645619932997272;-1.230767256895859;-2.4695049270204414;-0.06495401826299207;0.01409292826899643;-0.3724529745144935;-0.2225951464803452;0.45517234417382624;0.5150300325322654;0.22052446134492099;-0.5425857261861479;-0.19959713221018557;-0.07903789787620914;-1.165778311531733;0.6518337208026285;0.956343927491978;0.3501378445970478;-0.6488120146562759;-0.7046575957284853;1.7839126042895788;0.9956875698628027;0.4187079989088791;0.20593475976023073;0.14785590623026307;0.09130055643589066;0.8692339392719985;-1.1085081077613874;-0.5354309913150924;2.6016578402571193;0.6573283309970583;2.5039855944519442;-0.8773944994505951;1.2132268084588385;-2.1106672522705536;-1.3164069129175073;-0.8318303794408501;2.0982019814014325;1.6944364518431005;-0.47005106608441677;-1.7097282162413538;-1.3273498488447597;6.932176214247936;3.471844773012306;-4.021812502830653;3.600874515298261;-8.510319828820947e-15
32.00933520022356;-19.968176098896343;15.874762409142402;5.138648921819008;-0.7713308150822354;-2.7899426084542025;-7.356710864102864;4.1335981104103965;-16.740999703547182;-2.7451018081634473;-7.490535685746583;8.204692825634586;1.526476001350146;-0.7146896998957324;3.4682518772852045;2.4295899902504896;2.053920999528433;-0.3622150227296274;1.7223770645675183;-1.0895513188193988;-0.8914860704916153;-1.1414812571167925;-0.6269639844558703;0.19216519287950903;-2.0733932079656245;-2.420069369198019;2.408292625793218;-0.5937482167530448;-1.3310791603090752;0.5140114723134326;5.36388497414625;-3.3995211316916696;-1.1457524109194195;0.31682194697304566;3.58313928406648;0.7919138461359878;-0.5099535743982974;-1.5169313607384838;0.8116367129173611;2.9274794367480155;1.053853878269165;-1.685242029927314;-1.8676584429164003;5.432756077365335;-0.0346160722205982;-0.7115599955434629;-0.2204993749553805;1.5741246563036517;-2.2822247019148145;-0.247033000304724;-2.5653183597012768;-1.2462537074582085;0.9035849270941926;1.8774266258843182;-1.2838080091436133;5.722029642694296;3.937185468739357;3.9222561807489176;-1.8960071082804848;-0.057345840679918186;-0.05176204028662572;2.050901841644835;1.1279604538126502;-0.5949786090796576;0.38328561425166646;0.41209137113446187;-1.0426167924606151;2.7371315967629055;-1.5315759162325986;-2.635245832290707;-0.27835707203361115;-0.010315439209763601;-0.10171022358846396;-0.40302507369856877;0.8054870029214757;1.1199662935139674;-0.06441949680106283;0.16364888977059902;0.09732230597170505;-0.10609964753857304;0.17205846819012746;-0.7807130717714863;0.01735774607461922;-2.1978712896304877e-14
-79.37568833952585;11.33666310306039;-4.81906067999719;1.0725293854360274;4.081452445696204;-11.556600074323343;-4.825883022651854;25.323443863425133;2.437344590293021;4.49132049006128;-2.6841795740851273;1.7476000832046361;1.1400804103018922;2.2957505124897377;1.2849110489736184;3.8139029332513883;1.5584950945964342;0.7616180828379467;1.261480560828195;-1.3528546188361044;-0.27687173802668863;-0.4585893962141883;-0.5473911284907899;-2.3306189463541123;3.0569754113010585;4.455470772867235;-0.6480870914454304;2.489518431382547;-1.8339972663704922;-1.8965744449437711;0.6494762373956445;-0.6883106379547576;1.0958287548584689;0.48847520748360457;-0.6680864548935765;-4.373791054374189;0.3475758378652147;-0.9579691554367774;0.5178860159331314;-1.1349974860099863;-3.0192564440572527;0.36967311362764327;-0.722752839720805;-0.5119122538297218;-0.3812859334822165;-3.06051796053477;3.0480238698743976;0.9340276202322126;0.776744090607934;-6.425645165232149;2.8939513011918714;-1.4739811370707576;4.1228138877220575;2.3139788850392993;-4.0018335184059435;-1.553569133242311;0.09146201401246373;1.9730726015975304;-0.019721258483841844;2.201450454980252;1.8061975639614658;1.56850800500047;-2.0539389438549667;0.9878536955120087;1.7471085967826012;1.5868186592002433;1.0136574344541753;-1.748552676977821;-0.5849170352557541;0.9960835801026628;-1.959771850331681;-0.46452505329935284;0.2563411990833861;-0.40671196115033925;0.503024510620597;-0.21554054816994905;-0.18136390432861388;0.47772788408877115;0.43202312307804575;-1.120607190613822;0.07327527428231716;0.7067229866163312;0.14135609038753244;9.156934694723301e-14
33.09407638188915;-6.48281680464166;-9.190665766133252;1.7831432596401715;-5.220912463304406;8.284397312803215;-2.1618376084453597;0.6485537049106691;6.871764029141177;-3.815074018400503;-5.187402951619685;3.555998265548198;-1.3115848653551976;-1.726297551922833;3.284395470542119;-3.66689040761311;0.8715080451528978;0.33818180104647677;-3.705305139694216;-0.4704316222328991;1.7264904576031568;-6.452257339223099;4.883510348777952;-2.8010416275290067;0.06372202813084744;0.3901301995800626;0.30964056279970326;1.2783153348149199;-4.256084567723698;1.7513539087790102;1.7569623195677122;-1.07424999087816;3.0656654200130915;0.6044610945614506;0.259793679288414;-1.5885300535240403;2.946761542597854;3.8411638017343543;-0.8265370367555304;1.158000261138254;1.5770058350124418;2.5708298867792063;-3.4776436910937245;-1.904871079363072;-2.7116016931951705;2.171070486587629;-3.330373249255822;2.35916335640173;-0.8295722897822745;-2.196691909534571;1.3985477993257114;-0.6479204949328328;0.1335554638504858;-2.3226928264265427;2.0715568305694765;2.096451830858792;0.5914844534256914;-0.030494322100825873;-2.4165250238074796;-2.405347525779351;-0.11426959533718295;-0.945206156200793;-3.4340604959680427;0.14037111428842877;-3.0171410812904167;2.026147737729594;-1.579133108045634;-1.023608840665323;-1.4282695188698185;4.015571278424174;1.8167315595168432;-1.7259280178160459;1.472986008393471;-0.027810626935468912;3.5721974084662396;1.1299053180112428;-1.6190186090518728;-0.07464184519932104;0.6554029589011012;0.7375446644420037;0.4796198671170801;0.9421347775616862;-0.3419979446325332;-1.8384365854080933e-14
27.70131723450668;-17.799746628780156;17.39648480586541;4.109670226507914;7.044435784146348;-4.759127405550337;2.111637325586297;0.39719979986638515;0.8764664931899595;0.5370797926018455;-6.518278783139952;-4.430491850852796;2.805501495479552;0.5373498965036396;-4.081776927325376;-7.043153238903737;1.9158739313878972;3.348517652260189;1.7575596354208716;-1.1491311174275451;-0.4932631404832638;4.283957658236329;5.923290549792807;-0.12683890130517053;4.171655551619921;4.3235371546819295;6.154589422738214;0.9692464211434079;-3.090203239843843;-1.8805853145964013;0.23350396756193376;-3.3706434553233815;2.3486396219212837;2.3628765316898193;2.1477560416356134;-0.5092721476110268;-2.573332542373228;0.12526721486726547;3.123118906511573;-1.0690194006909095;1.89959539727069;1.9082844965594263;-0.377288760715294;2.271258793198998;-1.1669132509267552;-2.1088123447446474;0.23541494459617748;0.3015712672423537;-2.4032127928768596;-0.030926139259374763;0.3787017864963359;6.611353180541097;0.12000610122590837;-4.195478242495524;-0.7862938342391452;0.18440028217392943;-0.6664607009577895;-2.2578704824048903;-3.771314902049614;1.660042896004928;-0.3479471184950369;-1.9130488106224917;-1.3928278247648824;1.9377795366927448;-0.5765387811084983;-1.7071115916879849;2.497345091611097;-0.8156290029322891;1.0951956989055496;-2.0213106369825975;-0.05387452789557919;1.199705318739988;-1.413103218171918;-0.26618311685708884;-1.4699102249949678;-0.8228319958139533;-0.4887932670604463;-0.46184723444639314;-0.39779453546852567;0.4108147080696824;0.6206639188169859;0.1242101532564723;-0.4718076627394386;-1.5858608473058702e-14
-102.450215121032;27.20054625916636;33.78968322781619;-0.032798108651489265;-25.358063830808014;0.620820995543012;-10.890694592555427;-6.387941667803017;2.938716083920568;0.1723126544443321;-1.094625412159064;-0.33154590333703526;-0.7896679864403177;0.5705597971279599;-0.9016824012371275;-1.6761287746654343;1.5932147075333283;-0.5986219988258233;-1.6776805624054456;-2.3649280596303055;1.6695438686985569;-0.38709151568669115;2.9066350785243573;-4.096377658994901;1.520913831964221;1.979763629681391;-0.9737452498786586;-2.0044093922772497;-1.0799168491614035;-0.9177304267200621;-0.7702452549541515;-1.359877770192487;-5.788302512516852;-4.779399500884158;-3.8636903470714223;-4.246389708623642;-3.2131860604966396;1.5017282917870647;0.9788244301920265;-3.269669301418857;-0.3431175091958324;0.5726628346965855;0.1257987985222848;1.5983060909712064;-3.988362336512054;2.591077641057344;-2.375283649963444;-2.539884657434657;5.977686966939071;1.4396605102101203;0.8189966742588138;3.586134410558832;-0.8781275179450914;2.721732725930711;-1.5712903813257841;2.7660368246269695;1.4073355282689637;-0.09149517543993185;0.202585496640498;0.11133142863233719;1.3794346559375492;-0.14656585234936623;0.40391083208570566;-1.3227175117065453;-0.12936093530760834;1.0093880327557416;-1.3625673283611002;0.7512501997588118;0.07667921435877607;-0.1746728421236699;-0.062233820581199535;0.5608634307254569;0.5363856891094411;0.12397764786090862;-0.7918153779694139;0.5110705781078304;0.41197333521290697;0.5781309692381118;0.6523561723185511;-0.04709584067517731;0.06609216608117167;-0.052409512630200744;-0.12936263487848965;1.0227259079400991e-13
33.702600095013935;3.071415947582011;-9.338574441452865;0.4936212271242395;-4.111520076185227;11.145098918738427;-3.115663673008666;0.9576755993787596;5.245654297722522;-1.1492763440872558;-1.7278845498778506;3.196604901917872;5.526519082537344;-0.3595505437450608;-2.1527477527889327;-0.253515765169044;2.329387246592629;-1.5346212337311955;2.577140070269486;-2.162552328420221;-4.246044207720045;-4.016147930833526;1.706839868435911;2.103834004717535;-5.012543020454461;1.3451175698722484;2.6819716261215696;-4.356031822776802;2.0529285043696373;-0.033819555073597275;-2.0276045062088146;-3.664773754131324;1.7741911649714341;4.223871820854144;-0.629245496776027;-1.3842465940506252;0.6059186703717261;-0.6267829826081975;5.227223506182584;-1.0741769241456376;3.5948881457353377;2.6563542308436645;-0.8777093747288127;-0.7245762639133694;7.049886142082671;2.99179042456121;-3.0059976284891086;-1.5048543467847932;2.1796879671552936;0.24529752241490935;3.0897643443411416;1.4308074601879879;0.8425840870633617;3.682571248657458;1.1662638228501594;-0.18328017205834016;-1.4953445365920224;0.9116274867353105;-0.010779000061011979;3.1339381592895554;-2.5369653341751204;0.6060384120105374;0.5746291315996898;-0.29042299832358737;2.064550467077375;-1.0174139269101041;-1.1460162304206416;0.4111373156777511;-0.004820412259146052;-0.22577718961358167;-1.1915267727009533;-2.1193837401446616;-0.4682364114937709;-2.344828027060024;1.5291967363228132;-1.3095017777241862;0.9181549774409038;-1.2373046758746653;-0.3258060483381597;-1.0721072643668412;-1.1781841048415782;-0.321328062409823;0.8639931237287968;-6.851700694807267e-14
15.332077592384593;21.47690546322129;1.4249901794207531;5.7652983387690515;9.473434575297949;3.9194370339154805;2.1440799550158145;-1.2703694678998352;-2.9441961525165494;1.897815330568425;1.1382513954679512;0.7537306854042921;0.31113587016256805;1.4032989410502357;1.8416400856530368;-0.11905771950666352;1.0358953365484813;2.1194690555944637;0.6633237884462052;-0.7544101413060591;0.7972371469332428;-0.0682136612312839;1.4459673031970495;-0.5894551377392736;-0.2858866066527797;0.7759315711434993;0.5732825199887039;-0.07867699422329871;-0.975975916414671;0.13233097681880543;1.458438260414139;2.2198032724838765;-2.0251870494543796;0.98301065593469;-0.20996528800652628;0.8918653718089554;-0.4546804139414803;1.0019076640698479;0.20852001043142515;-0.24761061715347152;1.5832383906294019;-2.8315697931797024;-0.381204475505218;-1.0374259298703319;-0.6205881376548014;-0.27201311412995133;0.06573154137700567;-0.14753024155033;-1.289174255271438;0.6972801430784021;1.6276385663436927;0.4736645404647684;-0.6948570195150983;-1.3921094900172544;-2.8945849249288638;1.5380494365624873;-0.32633673029942867;-2.3089668526456144;0.7024603883309805;-1.915795502085234;0.12399899842866444;1.1920140295471735;-1.214944297816557;0.20035149011776435;1.1821036021677134;-2.0319039972452413;2.158279709930891;5.004320924124165;-5.0912605002697955;5.196035150065419;-0.4728363451596022;-0.46556688953049663;-1.5796941649705447;0.6886626588184341;-1.0798731482716504;-4.371926023859277;0.15023451151574774;2.2553598914898085;-1.5310310470519872;-0.43717142061084174;-2.442270069055121;-1.0505745422030137;3.2820829814627035;-2.646954480019339e-15
33.622079210978846;-11.034222709237664;-6.15361257589705;-0.8228638902249943;-9.739710312480831;-3.884166035340182;-3.9457194370861606;-3.2517322626885914;0.4800585774624967;8.858355334890442;-0.802015786245717;3.908419471293622;7.5026360967273495;3.0088260947772367;-3.521075543234536;-0.6375843045706;2.2201573771041416;5.663085634388734;0.10848249161675862;0.23922133668075424;1.7217469585995209;-3.4401619049896195;1.2376207978565663;-3.680916026937313;1.2431873329390544;-1.2639826837168464;-0.4369867658913184;4.058648148633611;0.8993047718928665;6.739680347637193;-1.5106418509369828;0.381427014637564;-3.323075847813575;0.1673748281304085;2.5736083174188957;1.0027349682899094;3.4209873505322452;0.3804724701941397;4.587626187238176;-3.13610515435441;-0.15754851425660352;-2.545270481816179;0.48789742296552474;1.8406816897791107;-0.16516923475063872;-1.651347309817256;0.047305332982532686;1.7249034777841978;-1.5290776999688016;3.1651713153048537;2.9148290430133232;-2.0315059333809087;-4.297916539313018;0.25987200504620594;-2.5016299306550054;-2.9619500865177693;0.7887515800769216;-1.6500406218590753;0.13078241504615454;-1.2632265314541022;0.4704461069166027;3.4594950071138086;-1.130388857799015;-3.701675665976159;-0.7553933011117129;1.6182595880379527;0.9881992840084376;-2.3618141991909747;0.9762827997018078;-2.45206385772891;2.1876700650472207;-0.9173140166014437;0.5039821153528925;-1.6522156422037821;-0.48174855790941173;-0.16589817913312824;-0.7624731486236285;-0.1995478182194342;0.036782951911064315;-0.798874068065815;-0.7878917424135822;0.7510375783680495;0.914091510809026;-2.7418805716968144e-14
39.56605242070375;-9.912996615394109;15.033919155568235;0.23742788252505584;2.6426509663057587;-7.254497889796471;14.073129427946322;-2.989495824434424;15.429156104572577;3.747375002353937;-0.2187771332874488;11.150980876815224;-4.958291442075775;-2.562542528371366;2.1936209559850943;-2.6842597472591727;-2.0492442374746105;0.49040401940930844;7.47058837682128;-7.124355556417836;3.3270319830152575;0.9302842603131507;-2.158127162028477;-3.335992641623471;-0.014167150913165267;3.1313858157120307;-0.30102978500645344;0.6316861608573616;0.7319092461722769;-0.8473503420682136;-0.44790518992173606;-0.5129950632939894;-2.9571364029425697;-0.591085196609699;-0.6427973274733277;-0.13802740103790767;-1.6282019019658556;-0.03894098968788392;-0.2924844791230539;-0.314863661246641;4.87373409265024;2.1283898523529095;1.8777387739453844;-3.4939027949563166;1.051543337134558;-5.913685057548202;-1.0198713660691339;0.6039606409980571;-2.6686091362606863;-0.5219237848586501;-1.6180607217121683;-3.3959895535213813;-2.191138659328142;2.1722500445026047;0.9984361362560351;1.8378889969601981;1.5033142255919052;-1.2517082756503166;0.3775789438165144;2.6894802486158107;-0.8254162373423839;-0.4367581955470408;2.832162400680692;-0.10638288769428704;-1.7829429334075915;1.0443920443536134;-0.379037939426716;-0.4777935699854266;-0.7725970834046428;1.5637159962831022;-0.7237388385950156;1.4307811471106622;-0.7595978493287567;-0.33739015330686206;-0.701330371477765;1.1454151778007688;1.1572306148318086;-0.0932388294969193;0.15562271859467933;0.4796183414161788;0.0307983357154718;0.28478581368929184;0.06616445925517833;-2.2381168742731497e-14
-139.2666235140246;-18.816305708244947;-4.394688695413933;-7.823660288229543;-1.9469191834838864;15.059525906793539;15.886462471089041;6.086271917021947;-1.9200618786580772;5.644820469639499;-2.994838706341228;1.4446937665335355;-1.1193739385100343;1.2313485794176087;-2.276325695064418;1.2465300938864723;2.836137661725384;3.288536071670056;3.0228478175447733;0.615298133595503;0.9344795858190468;2.260100405012676;13.259328623827928;-1.588747171728836;-3.049929553000963;-4.1386872454391765;4.905732402805523;-4.2538535181679995;4.950620690997237;-3.0299701595170436;0.5462503584609885;1.2044014658535032;-4.877708391059829;-1.2821849482890586;-1.8353785228337165;2.6116968101841684;5.25968707188446;-3.2324211154492244;0.31196514384919277;0.6072591201757531;-0.8928368089279539;2.6267756099260886;0.644663511324697;0.938892565220793;-1.6031733584592345;0.3460227995461834;2.582508723681839;-2.0778704449174774;0.38292525402329114;-1.8321800689376309;-1.1904973138988084;-2.05035442717012;0.8207194568341276;-1.4931449749363284;1.7752601548144307;-0.8595779565316605;0.07790304990260608;0.7643991598380991;0.3386508364681832;-1.1349967988636385;0.42939368911838016;0.027634669339535695;1.2321512465963196;-0.10619718275891687;-1.0625535346808639;-0.018534213394059397;0.6151851803066597;0.12102484184575418;0.03711463237956434;0.6633820444130529;-0.19103218955552334;0.25907113633895484;0.4382516969976556;-0.4461165478963646;-0.013527344630839686;-0.34696320063374375;-0.043037691606029264;-0.19511904556003176;0.09202238362744605;-0.13822346041530958;-0.1323617996480647;0.2885815721865421;-0.2209903336480767;7.880178216404371e-14
29.759324561540488;-8.127044815241227;-6.448873329541426;1.2068520443917392;-6.2894642453413745;3.4653706145783687;-6.685546950463689;-0.2614921317693293;-2.8083210142740747;4.501319678238354;-1.7319277827462949;-1.2359267602654802;5.070829221682314;2.576647302142095;4.883234048975116;-1.1202064874232958;1.7698775524642443;4.029937031763436;0.8116126653106789;-2.2850944718372586;2.8662132951735386;3.4641057559224224;0.5517435472866358;1.318671557028672;-6.249300726928167;8.405221751817765;-1.0991736295475452;-4.589553186158326;-0.2573755423975723;-0.567707888085856;-4.732138208297971;-3.806443997194261;4.739370758537457;-0.7088913040148834;-3.892371046046688;-0.3762539494940348;1.9931660916110918;2.4863448794442506;1.81754767377003;1.46645204412576;-1.8639828891146706;-1.6261612578055709;-0.49292791150476933;2.779129786345948;-2.1293817958408803;-0.5031907142458173;0.2977541667051629;2.093055610893931;-1.0083100163872405;4.551116724258265;-3.6378914892890353;-2.7907123000358114;0.8284239877042099;2.634637590051199;-0.9776854128542306;0.42479337813666335;-2.4232253945998066;-0.27442243449225207;1.8774859116948925;-3.1780413659762026;0.07065015662639929;-0.8650944571355396;-0.0599810672890435;2.717890667864764;0.18183700249233073;-1.5079164575242388;-0.09086896476353971;-3.3797939861021087;-1.552289701318598;0.9074270244369392;-1.401873453974225;0.9255547700303235;1.025865749213679;0.8928374227116703;-1.4147189130819544;0.6026846378967373;-0.012465451067277748;0.041178741311391515;0.3992637232845349;0.9674263240852284;-0.5970089925387644;0.04523392504433746;-0.36070628226717233;-3.600915637000529e-14
31.79290953677903;-12.131789261520824;0.7651430187207756;4.507129731021629;-4.33253221048341;-6.223038957982916;2.4068707847055237;-0.1387553888081106;-0.03645614392486051;4.759970168785358;5.393172735571611;1.8338781832124365;0.662285713433749;2.8394051840715853;0.5677752968017585;-0.695081152096233;-4.586628088751649;1.6779296592022503;-5.5872025108133;3.397838437777328;4.555768193457016;8.66977081211548;-2.05041252185899;-0.6671747585912963;-6.5898308199797855;-1.428182846780532;1.0911172373486258;-0.2499181335404907;-1.5357081837483755;1.3340352896668222;-1.9509168834015098;3.7702794973378744;2.088791395449106;-2.3955299890696446;2.3300471297154695;-1.3309979754259647;3.157208224294463;-0.33535716538631494;0.2637590613252547;-2.355317776944518;-0.6532735330879413;3.5340724209124352;-0.6873234758847603;-0.197071341055335;2.650754201788902;-0.12197496983591674;-0.6187870408544489;0.5468114919928586;-0.9770018756785366;-3.9165758196475893;-0.819223805974071;5.553022527164398;1.2533734775451915;5.711981719596974;1.2017306669893348;-1.410210257845546;2.115671823777885;0.7891006522848218;-1.686241338436276;-2.420631598854608;0.8261640266332217;0.8503730875051669;0.7284002973332236;0.5098921012537648;-1.004011133370223;0.3448310835585908;-0.820447031679268;0.8987851258257684;-0.22977870176067583;1.0146607776717422;3.827934821236864;-0.5530851568512646;-2.3881341198912005;0.17216075117816163;-1.4198921318326565;0.08467403979404166;0.37390875404174995;1.368363161255419;-0.4262841538577199;0.018008717866555495;-0.24019507908381077;-0.4027524451099966;-0.2549274805506973;-3.542281983512513e-14
12.073837048191718;-23.095596569921558;-5.938912976410884;6.588009851682104;-15.475223505654043;-6.89339538660397;-3.011489595506202;0.11540354834865661;-1.291469768706277;7.693532723322827;17.5060381271961;1.9298276410484363;-8.919402842113008;5.273863626772175;-4.827073141186221;1.2139783297455318;-2.3267961957789725;-6.336104061557894;-5.113600215622207;2.404591453063975;-0.22286653098824305;-1.9220237803540507;4.974155962245809;5.722650737103045;2.691689406456671;1.7051022298902119;-2.846162795155229;-0.8747474995533379;-6.8615478342016;-3.0272977044511142;1.6736934244432216;-4.836874508132822;-3.8325309657953652;5.758332245719102;0.33057941451044914;-0.7549630912693054;-1.7850771574464905;-3.219163587390408;-1.3207476091791281;2.522469611048778;-0.3478237789705087;3.0824390361025222;0.5493810310152459;2.355114128442505;-2.1442237516713414;-0.8325879939690007;-1.5166412031549175;1.3047882419268544;-0.5748108803376645;1.1639918020232376;-0.4703722483088375;-1.7635389130940404;-0.4312810487831855;1.500007211755175;0.6296898397864793;-1.4446211930472055;-0.5050306582056936;-1.6226213187845278;0.7056054653385089;-0.03880381389626508;-0.20790036228552475;0.823388084557818;0.1494867152312862;-0.4034304442317995;0.48882872005813266;-0.661101777048489;0.5656365263607708;-0.23069620562529514;-0.21191695139939784;0.501896942641944;0.7990505250202811;-0.3753974928881419;-0.5004499726046858;-0.6301456241371656;0.8554774313236593;-0.7458521802301324;0.8519559382692367;-0.34853627976765217;-0.48905382243561746;-0.07859494249822173;-0.5069763308184422;-0.6490071128813574;-0.26175630827755075;-4.226803867132961e-14
13.008372766033908;19.216465574132332;2.97732263888541;5.97313787481818;8.184935183768891;2.9457076438343632;2.797903809196887;-1.864254314902539;-3.555700200730812;1.4098121854691703;3.7470888130924918;-0.617819342342531;-1.1244464553521085;2.3308059047848553;-1.702626147724283;-0.32428925896833105;-2.645289000264031;0.4769530698843878;-1.4533975493221138;1.2391366488208433;-0.25747012708702377;-0.7463398155892619;-1.9420903491999806;1.440714730394237;-1.6547470627594085;-0.28367850880254325;-0.36155661488755825;-0.31758641908880486;1.4113965214259296;1.8222949906020183;-0.35568001361238116;-0.3607447648845004;1.261720679012996;-0.09483674701336635;-1.2238801194121653;-1.6295697856939189;1.1797520252967313;-0.5040707373092371;-3.21299246852854;2.267318410131135;-1.6300142300692224;0.8703759685937545;0.5653607981576798;1.8998328537538638;1.8127300117170722;-1.6565170498178712;-0.8725831098697575;-0.04548275330033185;0.14367228782598027;-1.906240428986546;-1.2614172644841453;2.749835150754722;-1.5073590567484199;-1.4552187336764983;2.5081547701794262;-0.2974806552519753;2.777770305367727;-1.9454312976473545;-1.502659027224917;0.13955225776610536;2.9567920654160043;1.1105990176120921;-1.4192698861243596;-3.174968487512516;-2.2595467427103646;-1.1354025514315351;-2.0338317735549745;-1.8544634509940183;-2.583354792936052;-0.00040112034195676166;-5.991402059472611;-0.22147124025653714;3.36775282744547;-4.754862966918655;-2.920290465316592;-1.0146903276753356;-0.5773185599519058;-1.464051767443335;0.9368676978744291;0.9520224135820459;1.6624445910010959;0.13738720985227632;1.6071046384059204;1.2873983634960594e-15
-68.25775076310998;22.50472028681868;-3.2722368119550254;0.1404570176305888;6.462564597476744;-7.51791452678028;-1.9723617570595247;27.65448528198088;6.436104700488662;5.104692889019967;-6.983309226834865;1.9125429805214782;0.6285096943121926;-3.4256175531043724;1.5552559097335983;-1.64442233748509;-4.754955054659801;-1.758042861038049;1.6485815315879417;5.806683070573786;-1.7484762297724685;1.5034101915681548;1.1073789626020043;3.036019763797355;-2.1408270808851935;-4.62305911679042;-3.81468513501497;1.0219947260482913;2.4416775212342277;6.4831337234003525;-1.3250919050899856;-6.309173961379182;-0.9084999524201325;-0.2981607044318837;1.2682772195673329;-3.9607338962938012;-1.275345172408602;-0.418180986635081;-2.0679431043064174;-1.4318507500909958;2.2600703895632765;-3.101953955424722;3.0653010987491385;0.7089392374944726;-2.2474537780099215;2.019270773198998;-1.154943348009695;-1.4169242520584304;-1.6790390233213672;1.5595030812254262;-1.9224586317890162;0.8130103468880829;-1.53370318071396;0.20620963063790584;2.4374810644364198;-0.683564082458874;-0.7319614595349364;-1.8312441141653377;-1.267006844461245;-0.6454459316096232;-2.123243058636512;-0.907349510494938;0.700571604564326;0.12588641405556592;-0.7839164353422478;-1.9199801859921182;-0.6167934032714617;0.4120290878199559;-0.6139101803737693;-0.3071367627130512;0.835883191938834;0.04076599943389047;-0.47153194256622005;1.3859022824144707;0.5095714485745698;-0.051179193313056745;0.10814612981960077;-0.4561798904673673;-0.5757547864995434;0.8298507942440934;0.0016042807491250903;-0.4155098274126275;0.10936335516678493;8.778764976960357e-14
18.816656713334755;-1.9639047324871766;-15.571989587146689;1.935484931881626;-8.474382531362467;4.92403899207143;-8.287112382110525;3.2753905998704522;-2.8445161857376;6.204387083076077;-0.08587499655181191;-11.125707631423197;-6.443311648363156;-2.4867145288360795;-0.5914700401914581;-4.861261657518386;-4.748931392159886;-3.6939843564284187;3.2074787854053066;-6.2530930772218305;1.1200927452090197;1.4040622469012665;-1.1863777665657074;-1.969048151977128;-4.775339592746922;-1.3092958884053656;1.3330866955273288;1.4339793778362158;0.5037226560137346;-0.8353666842041985;0.9945297928411667;0.9076823319562759;0.4099393301090698;-4.159210459668573;5.4044054306068094;-1.4944203163384335;0.5642655847456246;-2.765513109259397;1.9601780937024915;-2.4990047801383963;-4.170653949164081;1.5481053679411665;0.6977378195935046;1.1015390700677925;-0.37960432823705087;-3.1352798439715985;-1.0454550538743101;2.8768661550582006;-0.09777030197664852;1.548732542295611;-1.559144509699403;3.036793017755294;-0.922205569306161;-3.3854951471938053;0.36926516143154287;0.6680209694801423;-1.0043806067982208;-0.17043748495513783;5.029994743239047;2.629736791926775;-2.118552783943767;0.8592326046826088;-0.2975694845988636;0.3595870579777413;0.38068097043408283;2.161357793021077;-1.3079554839726215;1.438176971652461;-0.75573374193307;0.4808411006261592;-1.017986858599385;-1.1522378530289759;2.341062859535858;1.1912339997196826;2.7502378470684214;-0.19783824309620693;0.7446672875770717;-0.37903846107071404;-0.7858467264995715;-0.6393007473867965;-0.1957802120506735;0.29017478619652487;0.28736334324377727;-1.1348327435519003e-14
28.3371634176769;-25.45461176033741;19.67022795001289;4.300983575791827;-0.7733209985968409;-10.74492484382552;3.148746184699604;1.618177694040889;-1.8246158308886553;7.251305000846724;2.0430100047603594;-7.50584228645427;3.2344087004248325;3.149975572399524;-2.0014469287079284;-1.9363356322561502;-9.43120660447296;-8.270178223390179;2.1501791101318046;-3.1817737019640715;-1.361888961595986;-6.134326710929007;-2.4273325368284624;-1.0921835271791818;3.8710026456167337;-7.092746801707835;7.308546335068844;-2.5889977970480484;3.0421566746371203;3.2538590989839586;-2.7494627512166296;1.813166873071037;4.789346639469886;1.1674326339445267;-8.639988506035564;-1.2742746060043202;0.09664935516309833;1.630934087111604;-0.9141134409571822;-1.0822294888429376;-0.5713676429025909;0.8649593614280576;1.3152588601704938;0.7958709239055932;-1.221431798592832;0.47154699934019956;-1.0296768125141529;-0.7077599785358677;-2.4741843306816387;1.0817932708861444;1.6241281021863887;-1.3125425034055476;2.521806549299463;0.14199567402237875;-0.3747265961485001;1.2351916649853762;1.7550482917809191;0.6214477762519968;0.85898575299273;-1.3359663660231111;0.0416384809944793;0.6044264329051882;-0.3943593870361862;0.7645542099787341;0.3710666064758533;0.4392627903165132;1.230886528847983;0.6501410891308973;0.19665804769260115;0.48747697022003894;0.34289874850953395;0.5719768072965657;-0.0874717738721364;-0.16267266122614302;-0.13220688242329634;-0.12199660436408412;0.09393506254292912;0.07123211236437096;-0.2930525884139716;-0.20687575303607608;-0.23029141052063173;0.2694561383675516;-0.4093487176247576;-2.7484725209055263e-14
23.291035597565322;7.2590310817998915;7.956449766056233;5.659777119657552;5.421138533158325;11.956955649315868;0.01616578273453121;3.52226508374721;5.025700391087029;-6.695098863179408;4.867996841706152;5.010305601525883;5.642454279358074;-3.4703166608923364;-8.842285999233436;-1.7106662541527995;-4.793550709606115;-5.945551805049662;-3.496682478974106;-1.1902495857580606;-2.9101552235712016;1.1078783380591832;0.2921101735578807;-0.2884606845645773;-2.044327021779191;-0.14760741565261895;2.2316627447653725;0.4506543966439944;2.9991918762111047;-0.7279830472004729;-0.34968857890148775;-4.365015529878058;1.7734838614882769;-6.1377441816401515;2.7523154140949155;-1.8197682123104284;-0.20850630540246878;-0.6675130002749722;-2.5947566477450645;2.992912832273088;0.6521035014563662;1.4048806671437437;-2.9219521189773245;1.7231045616506473;1.2787819939641676;-3.8120906933871805;0.7656779048437858;1.6821355278709769;1.8032616709908005;2.9785756471043414;3.2243225043099275;-2.22535837116482;-1.0575253043752049;-1.32617845155274;-3.6770766076282646;-3.2586551700895297;-2.3038543191704957;2.127204835897383;-1.8605500366623402;-2.1389421869807856;3.0128387180105043;-2.5685094773910557;2.089863006969042;-0.8033448515867793;0.132730204433401;0.6311577606122993;1.1867284996414214;2.3322448775513824;-0.24391041382068457;0.9167212352069088;0.7278982167511346;-0.1462814963309036;0.27567630731799453;0.22758232485579294;-0.572894518462048;0.6751659964889735;0.6553613994234571;0.6779238686174079;1.098051589773424;0.3610497473986281;0.6662242216524968;-0.3400070717451613;-0.47950500616539476;-7.407035698099698e-15
-128.13587590371608;-19.22414710924248;1.8999789456299059;-1.6734528017839123;2.150287038819987;-3.797062917137409;-4.853035863761995;-0.7200669572694833;-4.039847421098507;-1.0031976481071856;18.51113826144208;1.5810664857293213;4.048219166706578;-15.854570068556017;4.553606276809415;-10.49166258413913;5.775425919524095;3.573325337494882;8.849671495240756;2.292248008925329;-3.9289348568804385;0.6757651355471952;0.1417034675937695;1.6443586550323341;-0.3007988331327341;-2.163290868407958;-2.9292015946477186;2.087278104255615;-4.305451424946416;1.3314916475682874;4.9582524174927896;0.4805351263669548;4.140235132926417;-1.5352254816839264;-4.093202197953997;0.22393846193883382;2.524601323986227;-0.5003916012895714;-0.05923339095431885;-0.43211038022619935;0.02261626127542371;0.6355711529780436;-0.07641541938612643;-1.5266782968105133;0.7873553279540084;-1.0960632027413857;0.442258029011147;-1.25141184853986;0.718226184874916;1.7924262746550703;-0.014524677623311647;0.873423817606205;0.576534772559644;0.45582169136600653;-0.36284874416308;-0.10469403935822566;-0.19226729171388238;-0.07879391739858642;0.07895468008546805;-0.010066371599821041;0.45426044695859125;0.3667646590030794;-0.45070474830469753;-0.5174536401690988;0.05756460975992454;0.24367779188544994;0.18182596762053568;0.30820436682839075;0.018494683676399764;-0.2966068784117717;0.2736308852424132;-0.3911873582271657;0.015270774765718281;-0.5562512996881313;-0.2815333149830236;0.3302977680958309;-0.3811189812866855;0.11853294356394803;0.1244955954888195;-0.05121913135680078;-0.039442023186262685;-0.14365902967419697;0.17086571700989428;8.421411940909135e-14
26.06163919278123;-11.440193882733158;0.5948127305882808;2.0418264376073547;0.11750609175680145;1.9612895991816488;-4.123613934982289;2.195122981541947;-3.4955749901027118;-1.2313971186266663;-2.9733711451231306;0.6379794439374914;-12.662179372864824;-6.428124679483075;-6.903370443807278;-3.014388873392747;-0.2502625439047414;1.3575896904508715;-2.263574245455043;2.2498475806103433;1.7168129518501936;4.21637061154043;0.11792918760503152;2.691255683262921;2.72595253387548;2.3869699812246132;-2.462042083864312;3.4650716890661664;5.936796968540853;2.793416839375854;-3.8261196029594724;-0.7723069099878312;1.01153215368155;2.3019886131956597;-0.9306809264263054;-0.9754621790488033;1.5598443631522168;0.8285527501026647;0.5943056875450645;-0.9264021934544927;1.3071451670591403;5.749493399718644;-1.560375356102688;-1.369808406300631;2.4050227153265977;3.9618172678208596;3.0778522866681266;-0.7133390374291815;1.6548971954345126;1.1757417803312578;-2.2291405217803817;-2.5630761190152116;-2.7489937782056453;-0.6847068234486656;-4.028730358682235;1.8327767842496863;4.091309818876724;0.7133854983258409;1.503679274531945;-1.3143503197380133;-0.9657611080212097;0.11458163057612632;-3.32781247058711;1.1247636478186092;0.8912133865150489;1.1857704118495112;0.38149699123714254;0.6808968104167489;0.2698429758163018;-0.32168935802757453;-1.7906405741458418;-0.4969594491350185;-1.9657620471471728;0.9531329754137093;-0.6638643724546495;-0.37569478790330246;-0.3607978175318821;-0.2692955847368843;-0.056366908656490355;-0.5070463009252474;1.3010672187727235;0.07039875264441178;0.15301973950892445;-3.505852790517e-14
13.925530391444763;20.871138182778637;2.333726869813179;5.4880939791282195;9.234324103462;2.968485757415854;2.7704809682778304;-1.3861881713709108;-3.298265047531653;1.4673685504006533;2.521551874948194;0.1662678711436585;-1.0917082422449134;1.2599476863211128;-0.6011513967015952;-0.7452526631656192;-1.4872532103081855;-0.18980458116630858;-0.34803211288609365;-0.2177664137272844;0.4270035558262172;-0.8774449868583212;0.41571772083161873;0.7728175888146164;0.2153398469598914;0.17703298500675527;0.5979770903843974;-0.1782182708837755;0.24488282948744491;0.8876380460776468;0.47162287170032974;-0.835790432492523;0.46211406098876723;0.3777628610312563;0.5589705153432928;0.2194548266443005;-0.3112388816638001;-1.8589950045583672;-1.0509885860444979;2.1260809582382363;-1.1371630880147277;1.2405901169939901;1.5445651058611003;0.5186864774827576;0.8171123552503078;-0.6294183859557455;0.2504899235094247;-0.3006705337125841;1.0971490463685538;-0.25696282675763515;-1.0272517527415428;0.05422686349035436;0.6087029200970785;0.7008658203780623;0.680970166440162;1.2853449010960416;0.9559269401046137;-0.0918882035964774;-0.25696496682475667;1.494275438387346;0.054421914035590595;-3.1430649651300446;-0.4049399602356993;0.13363573829028977;1.6090758164058003;1.6706438596684066;-0.23453128696384737;-0.5489992136620409;2.570487198572403;-0.6310844785128599;1.6417722598579705;-0.006522034885870785;-0.18237165031732952;2.4953257944033673;-1.1769482316766569;1.4654014533298343;-4.816424326187507;-1.3150414496480993;3.144886508659212;1.2448375976443375;-6.041962503366891;3.0282273103105988;3.890301468283425;-5.273325822648225e-15
31.05487166685673;-7.166516344800196;-9.369727316861386;2.5474881321927874;-12.034874442933683;0.08340254948595359;1.4474456610307398;-0.7452676454297686;0.5406387384460317;3.691986040306875;4.560142811475329;1.972708727903024;-2.2540300554651833;-0.7456712125643552;6.805589468626136;-1.0430449337124985;-6.409119900859281;-7.559635137250132;-0.27527275281600483;3.5680666392445053;-2.9420109843555395;-1.7610046167526527;3.680128804592298;2.824414426021446;1.8063602286280716;3.907548327298722;-1.040276293881612;1.1344206116415703;6.8100849273999815;-2.827711753459111;0.7644936056675938;0.21968478217157458;2.1626838057714255;-2.1736714960885606;2.8075486872883904;4.043716878238696;-0.4728162846311472;2.486763119192048;-0.6730949045008036;-4.755399929041468;2.6026577423808095;-3.4739416146243816;-4.8861964800191995;0.8978797220463198;0.6612217600651519;-0.9629052162589032;-0.11100499863397886;-3.1641490243461763;2.4069263072165916;-2.7796338670358764;-0.27744237179535247;0.7948316484910238;0.22046550325785594;-1.0308532866953823;1.2415555733988792;3.406991872415412;-2.704384792962511;-0.32696116486654503;0.15146801122797435;-0.026734836536011806;0.8063132451158882;3.538948233394469;1.1695446596540593;-0.7427427512256491;0.7922844738832432;1.3366879196143526;2.32690889282387;-2.9383987368055435;-2.14962951778919;-1.3196127220689;0.6813983080659927;0.36234975411528253;-0.793645395370283;0.7431612460660981;-1.32217111927238;0.016358231806542067;-1.5444740120562521;0.00799489995485361;0.2969933156659824;0.863506007719709;0.38118365072009064;0.27504103179676237;-0.0012880305949269793;-2.011908933005774e-14
19.799398882022945;-11.290963139444687;-12.459103973370121;1.678930015063412;-7.025564641334657;8.381204425728919;-9.009398485843782;0.9002247375390658;-3.112834394303326;-4.218912148640311;3.455390712926091;-7.092476782682502;1.0670319450239913;-3.2920202707537807;-3.8775258123536567;2.032993374282575;-8.6860254095287;-2.9210654221911163;4.994287810642384;6.06343299010473;3.414512741186732;0.6057756792767773;1.1197113059087778;-11.478438952369107;-1.9504510566381683;6.458811483618902;-2.5766554944235516;2.8588972636189576;1.167396644929282;-3.682956390079355;0.5707852956689456;0.06206427802131427;1.4464462461757535;0.04229027127828416;-1.6785887854458643;-1.3987157244171402;-2.7904734498680055;-0.27661948080917714;4.345945266814336;4.653457232848366;0.16708084616023242;-1.8811946683388927;4.233039702670686;-1.8365702001278583;0.29892288283371443;2.4996416671570074;0.10464502534020144;-1.398385854321216;-1.7929952068097088;-2.197775830750836;-0.5507222922402865;-2.1368912328692886;0.2885751676404358;-0.29447116826994996;1.8545288066974435;0.31293408118920246;0.45670251341795626;-0.14482178285775865;-2.2776258200871315;-0.5056645964425293;0.8808434977083816;-0.3116859487357045;-0.3228042628261584;-2.8828679702507927;-0.8034787629435147;-1.249144218241563;0.7264260897877477;1.5146516784030348;0.07907739381794705;-1.5275335479067933;0.8192278631717935;0.432655433026644;-0.05651928380522006;-0.05062528958284159;-0.0992504246605779;0.1493544021696444;0.4342759992490365;0.01704924419552589;-0.8072620355891059;-1.071691828821609;-0.39873334657588116;0.18167426053892102;0.30917751867188265;-3.470464431607073e-14
29.98263373909064;-11.412115180970439;-6.656993783261278;-0.2812529030713792;-10.83739452505572;-4.429451265498789;-3.210733980032729;-4.656371197601758;-1.5073002841301504;9.205205314575435;1.783098266865453;3.0739483810782717;3.5182116282886295;0.9149046152805761;-5.636360036614202;-1.620935959859603;0.2092671840414246;2.788423777688103;-0.6602063020960749;2.273204575032635;0.07922046492391926;-3.790393343605736;-0.7266782419802205;-5.194123162183063;2.7773483827140097;0.17233302953256255;-5.008285654782192;3.746448272241888;0.9970194573481629;3.5363853265609904;-2.8242319280726735;1.74481646390537;-1.0941755267918762;-0.21078560643230654;2.124919902879728;3.24971582698281;2.685880514221199;-0.6380625483572374;-1.8195341294772112;2.33277197831213;-0.3951431150567576;0.6811805165252272;2.453566431247993;1.0809857934296463;0.19439482720923382;-0.41652035451432706;0.9121612844942512;-3.2664427391531214;0.028829685923599902;-0.6383632431401458;1.2503898160969655;2.2541124380889155;0.15667440173162164;-0.2803759423577003;-1.0333991762001085;2.6868547963745795;-3.6400166270876926;2.031150031240516;-2.372564974994362;0.3071786223169465;-0.44994811438952054;0.46289956474059263;2.7954698474374475;5.467009293653027;2.0786650163110942;-2.1123977049268987;-3.07100489645731;1.38498810889258;1.2785727912815703;2.7587303045753266;-2.0049928606516754;2.4298943354969067;0.9214664129909741;-0.18922380278204456;1.3966844997320453;-0.22368887427339998;-0.8906406795878079;-1.1780096077312188;1.4149242311839934;0.5901529937923843;0.8265492193501722;-0.810293491959485;-0.336404046218432;-2.4865292760330284e-14
-47.5873173570597;17.420458538577027;-18.241979771624322;-2.852947215564846;11.312642557129168;-12.042250894821668;-0.16171725653943322;-9.685766334210557;2.1972033547594023;7.12238000911042;-13.482876492004408;-0.8434430875891454;6.877051016307787;-13.14563421563784;-2.21877600958665;0.08603531727669339;-3.1607999354866134;-9.124482654802573;2.2399319783783884;1.53436565511478;4.141965794527192;2.488186980287044;1.5451231975890747;3.090708349707297;-1.7429772499160017;-1.3493606035988095;-4.935359643335233;-1.154553699602154;-2.23450641517673;-1.9161226906866577;-1.2311088091809932;0.7392523173737965;-2.8869746416290507;3.4762454288399285;0.6532095035509872;6.194619534212977;-1.8059961745260196;3.474840637066705;1.2428750902513224;0.21090186456734675;-3.506002386422962;2.151245825253776;-1.1728220772344835;1.740225405559306;-0.9523616633967487;0.3002369556140832;-1.5328804110052237;2.122195541560646;-0.21008107290558312;0.23907769409004428;2.956116102756696;-0.5056893834654794;1.101943300795177;0.7454372136825654;0.869379577503996;0.08582767984641035;2.3261669117329586;-0.14521385994334693;-0.020965566248025116;0.27087575013374426;2.4019457325493656;-1.2294627252861865;0.9179848154263892;0.8299646672205738;0.824119843944383;0.8731626503099821;0.9717865323817767;0.38310318989468667;0.4754621760129284;0.5126096894169921;-0.5988186777669141;-0.9391985832937718;0.3868864836414636;-0.9493739409307623;-1.2098845469834212;0.09681621170991507;-0.1579692262959656;0.3001458699906384;-0.09854248416288845;-0.27736952952925525;0.3249573976293021;0.1626596318160993;-0.2013542071771614;4.4565279642165446e-14
28.18161484760981;-20.837144977995248;15.969716754865043;5.218325404103785;-0.5208005920202696;-2.781995823092617;-6.5639473712108565;3.712747646473577;-17.67519514189184;-1.9340951429300237;-4.590152452166155;7.56975081054412;-4.313845197794508;-2.6439754747208073;-1.3517512525695612;3.993207096106389;-2.0339185352175204;-3.5983919526073427;1.1523522602066223;1.7456396394983278;-2.702100854943551;-4.202626287801285;-2.290650028286992;-1.4310031937486698;-4.719721274529977;-2.389392873469376;-1.7074890576489912;-3.30498076166063;-0.3270852223198792;-0.7777659062799946;-0.798218469663229;1.739915978474843;-1.8176318251087389;-0.6907953094265332;-0.43150918539780647;1.6506263564086259;2.3003023000840495;3.0191295498241906;-0.004538662667980814;-2.1437948208034134;-0.6138537785353076;0.573316662411519;0.16499871875491737;-2.0496088710472984;0.4665192323728492;-1.6291214443426065;0.19208168979195364;2.100648285153583;4.653721595302607;-1.5729669044541088;-0.17004975843929085;-0.7821803901738054;-0.1815517801574823;-0.6129102797648822;-2.3767080006362336;-1.4337555561407296;-2.371661413164056;-4.164911827229438;-0.969165031144454;3.663632374783575;-0.26752381208669307;-2.902798073273102;-2.6149887994700114;1.0521502291154476;-3.5097363118553613;-2.836793903591898;-0.7304752717905285;-1.5549590006522835;0.5010262801290375;0.008486468022798689;2.0897427304601344;2.45971306061879;0.12995188115491205;0.06630955494288135;-0.3973663710167086;-0.792364826133323;0.9571097109971034;-0.07380712251584162;-0.9675579316454771;0.24333926994670038;-0.4879949883202668;-0.1545483816695395;0.296983806307823;-2.164564598891733e-14
26.32406804107185;-15.36522020571453;14.968423572344383;3.5779993589573373;9.47123222906973;-4.764931538720837;2.817980269384437;-1.168060325966154;0.04938268089744025;2.438447934403603;-2.3819325109289835;-4.775951081342078;-8.896426401472432;-0.11415078695861863;-12.143852983983534;-4.341396987311466;-0.48501956539467256;4.484128017498904;1.3974429230260257;2.432421183187864;-4.947951271718613;1.4247583168691171;1.863060676433255;1.1979898281307355;-3.100176272714946;0.09731191587497631;0.3247667350669473;-2.9422215333732726;-6.719383940307228;-0.16441007875360142;-6.173173489199732;-0.5015958284304979;-0.9044751087432331;-1.9678320943946075;-0.6627587725157084;3.262652160371605;-0.9915118029214769;2.940838817375816;-1.521799185131753;-1.7896234718875186;1.4738569238322625;-7.303784749587632;-2.5219331007816783;-4.768166455183742;-1.481299271676421;0.1264117713825922;0.046530240907005485;0.8600227313517428;-1.2156840281159995;-2.0996421760664865;-0.6897834960468923;-0.357784509153106;0.6688960511809184;0.5590077590417527;0.36881855597898455;-0.9056416113984818;-0.921801954382102;3.806402104088917;0.02214043531793306;-0.10853681674567361;0.588335734001729;0.26179111436520136;0.6606287167944701;-2.4768705214466697;1.5816954933894305;0.9049663512130273;-1.8043657584965875;0.3058978753366814;-0.10120096073169692;-0.8983307534109986;-1.3072509142283706;-1.4367005610891852;0.42018396943087954;0.18905103286100505;1.0971762079712168;0.05903489899851326;-0.2416864143029785;-0.42183406800024237;1.038773799977074;-0.6441410573818731;-0.46257485164629414;-0.14188005630253597;0.46396183845169553;-1.065443804512828e-14
13.524069347799712;20.03701576873145;2.506167374952886;5.937014784087025;9.205008652119636;3.2557609908633656;2.259902309329265;-1.0145003605748566;-3.7151051778234754;0.8401108763275411;3.0266210037904013;0.2029269657638941;-0.628052540239317;0.4616113588362223;-0.9513630548911598;-1.142695039207757;-1.6858036567454169;0.3105425801957377;0.5979229066346029;0.7191723489728407;0.08011429468491625;-1.3243477269358421;0.39467514678935167;0.7425113163428029;-1.399856030978928;0.669804564771968;-0.25544624987854064;-0.5894320487539715;0.6701505396128665;0.9526522333715257;-0.5200384388657384;0.38475458649992944;0.9270833611711203;-0.07553773053080111;0.954425597066595;-0.6406101195063103;0.3353149271652457;-2.0830690008669945;-0.28584680337587404;1.6335222261987503;0.22669684005081903;-1.6269832972888305;-1.2498625959736351;0.18104919511528844;-0.8319676544159201;0.36360998020612073;0.7370032832477326;-1.3601273416264852;0.22640127824884274;1.8987699640808129;-0.39235074215590526;0.4060844409849207;-1.2108233090297038;-1.0022254343309;1.2775193381018344;1.6880697490736132;2.376195382476916;1.5707383662557581;-0.9633254851780141;1.897673853573226;0.6222777931969602;-0.4021474258060516;0.8456282331680157;0.3745407920152602;0.9902636295706988;-0.32180003558454834;0.2234996634360523;-5.0851491403875935;4.361748823679836;1.5838086811803633;-0.3241376326392986;0.6472100542911948;-0.835228115985367;-1.6713261344330548;2.833266459324693;-0.7900806152099388;1.620856087843917;8.257447982699675;-2.03873297949234;-0.31111945453611217;0.23034944491290518;1.2111937942961315;0.5778833206969478;-4.4233113194195895e-15
55.299081861205806;5.764133084005952;4.2988404384268675;-58.863096522775734;5.998297814478595;-1.5395643895393556;-2.333010293056075;1.6682147286786033;-0.608862476825721;0.11181797555769583;1.471106891785793;-0.35729426613503834;-1.0117373772962672;5.620127428802988;-1.86569932737746;-5.330440793917608;6.69539320699864;-8.567830882360905;3.8875791195333447;4.696942462208488;2.906649115063628;3.0235709899806715;-2.247584551403985;-3.6645287301828664;5.706708430296506;2.5833170717168628;-2.2213794429441904;-11.590769807685332;0.6888772912798388;4.369909188299711;3.4878178185435975;-0.6082205213007745;0.37729846275416873;-1.5176255694038783;2.8633161418686144;0.07876838566372903;1.3929782443378182;-1.167649613691006;-1.1657396042207346;0.3337165938678322;-1.2590314661436959;-0.07162625527094288;-1.1537818188451865;-1.743595407513311;1.1308132017037669;0.16247066197990395;-0.4800594788721008;0.3698975541385489;-0.5788448448474472;-0.2614917465667623;0.5300543205817085;-0.08762562977248824;-0.3215277498613592;-0.30819238988861974;0.03114082795552134;0.0267953355546015;0.10712531234532127;0.02441879883386764;0.09927798160615783;-0.583230054535814;-0.5195553989982177;0.26640744408928696;-0.8711263571086587;0.057162607588086854;-0.1352533005315829;0.03516334823102026;0.29250437519151523;0.19390055415880975;-0.09017647443635192;-0.2024481031089154;0.19396060575552776;-0.04047707996190985;0.14579126402699566;-0.12882722958913342;-0.13998735695368247;0.027920621195240313;0.21005621724023277;0.0695577443540875;-0.044519658578315774;-0.10318470634554183;-0.050435917193633086;0.210314458796752;-0.14612390310314433;-5.500784787890328e-14
56.683581078381984;7.065119120245119;4.068467904813022;-58.98496252062187;6.744503981020116;-0.7345882516371436;-1.6069931940267166;1.155303381039571;-0.706259777894373;-2.2284382650329873;0.5737610497325587;0.16342587233743197;-0.9355388469932202;6.069853425382741;0.7961885151741925;-5.665036367671184;5.761476440143124;-4.73863234559658;-0.6591073725936244;2.835230694239458;0.2422947370880209;-1.8290476271743448;0.24631263969068648;2.848296284857363;-7.685333105063403;-2.052514572912176;3.7335534191830373;12.963395233980332;-0.12620241648211658;-4.016027441148009;-2.1903311382021933;1.8525957708681635;-0.8975225659809415;1.0732342278436704;-3.01791807714957;-0.0373278332591681;-1.3175214813043685;1.9104048424846043;0.5130323084971854;0.19604362053874422;1.3267533266761307;-0.06610991302565303;1.1741064125734504;2.342953194903959;-1.0814384460819806;-0.4555117968390544;-0.1054723593477656;-0.08112212197473995;1.1218209660967304;-0.06043281305686121;-0.7376076518049343;-0.6421929444469491;0.5124762047737267;0.3826024833080891;-0.33056064238443406;-0.28366346435377;0.2299351139521335;-0.07232767997031969;-0.035659756763520144;0.5765443505861424;0.7196802761653206;-0.4929294970502229;0.7645453168386477;-0.19465872218449545;0.2037976743336831;-0.22155616959466154;-0.5448843437159598;-0.39480695728285625;0.08053197139691164;0.4299457081558621;-0.20159911496184585;0.13519199485971262;-0.20419048745123977;0.3960028597647054;0.211686437127402;-0.10692089687895141;0.08454992429539439;-0.08475804997141523;0.05863233962284434;-0.18886590127000644;-0.0023692592940729356;-0.1913859628046023;0.10504732466768903;-5.778340544046617e-14
52.59107663446906;6.544517553638517;5.615969910185078;-57.14750907632971;1.1171388317650286;-2.0774886722683505;-3.345711592948103;-1.1406598707400708;-1.7471974090115159;0.52422917248797;2.9436482494493683;-0.815314148509902;0.9497543182439686;-10.065563103068605;2.034712962588812;11.0227431662001;-14.11327897700063;12.755015577501686;-5.4685991495926976;-6.935201606719681;-4.233950356556648;-0.8692179937027662;2.670128003701193;0.9771999930967233;2.2479131193786293;-0.4834780140267568;-1.372536983860433;-1.6443211118735017;-1.2193334306342642;-1.2957729739977124;0.15841203061830395;-1.4812057183185503;0.31043349219424016;0.3966078798192871;-0.2647789170862823;-0.37044897421156475;0.5031827672289355;-0.8997211280814699;0.2786262509305249;-0.48772713332329803;0.06250972738892638;0.29031709369624387;-0.4766332211351281;-0.5470583573322874;-0.22010034364805992;0.006389747514282707;0.38971239565210597;-0.2455376441058601;-0.7364171070121063;0.2301984618813074;0.1260895197128956;0.8767055077003898;-0.22159622225915418;-0.21151389168844173;0.1307850869838036;0.1551894471916648;-0.07961949745952104;-0.0010939793492695314;-0.005128601790962939;0.017885250059823336;-0.2682292278038544;0.1571923456550067;0.07279175656984399;0.2935221948166771;-0.09523578813604584;-0.0013261408294363089;0.28900391242680257;0.2804729048089863;0.1955043586827492;-0.23811901461195628;0.06367251841735973;-0.2444156218378663;0.11246186213037415;-0.25307090371581853;-0.11724374273793933;-0.015814393096507003;-0.08328011808587364;0.06383042689910785;-0.0023976618999486912;0.200717389559758;-0.01980755545680098;-0.038253126673946786;0.04076433756317589;-4.373908417895794e-14
14.570605538616832;20.476448729409082;2.8197656121877515;5.3209827051881575;9.211739652261803;3.763505179839;2.3299010498310038;-2.344375252380051;-3.2158059469547675;1.8541778415074468;2.7380945778767405;0.8452169729170511;0.2579288578457747;0.40383978808694143;0.43009820074079225;-0.75451724120724;-0.5649784338726087;0.736141774067767;0.030974138025704215;0.31095374242183965;-0.3063231122536039;-1.5050125230077191;2.107600183787015;-0.5670016881006731;-1.0591547967580346;-0.6178017361209075;0.35443263895049987;0.6333004723413641;0.6970496314172844;1.1206120076573989;1.6923907743608178;1.7074250960181603;-1.9492505294037326;1.2746315036427702;0.1649465389204919;1.3332827975061305;-2.870670709884413;1.5349630099619376;-0.6588716500205124;-0.2468040738354604;0.6096872327026247;2.9796408373403;2.827368658036769;-3.780858145696521;0.689564638271274;-0.20745136252557278;1.3672386203962843;4.489411494359577;2.2797907752310804;-0.8647658581618297;0.9349641149704051;1.2523142576679545;2.9101781661172628;0.016507350705428536;-1.2043340560330662;-0.16562933481496236;-0.3346815419669163;-2.5118671356279663;-2.6410976199037153;-5.578928068656514;-5.2966391314502586;2.5273291280036867;0.9564540979874308;0.04282969903402075;2.1587035310868017;-0.2006214438825976;1.0319952646743782;-0.780173642178975;-1.1074961577801405;-3.47788478549688;-2.2831856048582613;-0.05299974287263582;2.2992897734051407;1.559765789849836;0.9975655731097336;2.3052257581554585;3.4584252411878955;1.8431722047958925;1.6866573543196741;1.827574922211058;-0.6769073147677351;0.9685669206529199;-0.7840354938272409;-9.1495654297184e-15
15.194364538893861;21.472137442741094;2.10631773410174;4.5466587502839335;9.369568824309601;3.4047330229814303;1.930310049624073;-1.128981272491153;-3.5387136468142026;2.1902063500018185;1.7641538089856033;0.8939099341894463;0.3332011826986979;-0.03324764068194183;0.5627891618539802;-0.47187360457027466;0.8770592482388347;1.3920628525928762;1.078224445285023;-1.4995003663034732;0.6703493550902411;0.46764242592231503;2.0757364550442365;0.28284824105379147;1.1113189318691654;1.6853621998315333;-0.304098325162236;1.0725282680310932;0.21691409855672505;1.87138064676832;0.06194598685768728;1.5343510553540332;-0.39407039513813713;1.950838605286727;-0.41015230276903175;-1.751670126729068;-1.324686340145865;2.117144928038025;-1.3293166613427316;0.6358915207340622;0.28876550782607613;2.302552825551683;-2.563242973841105;0.9389966290676435;-0.09093433410338961;0.8116435433446191;-2.2829785813413364;-0.3481911126093816;-1.4237320825610524;-0.9995267349763114;2.1853153308649116;-1.2844440157055876;0.8410847167160291;-0.3326906579429619;1.7118416891485557;-2.9125992995885763;-3.8500195839968097;0.8941326298772748;3.6897850722924783;-0.9976630424985106;1.5790353148470362;0.8422538599706583;-0.020232502563980015;1.333892104876199;-3.254216926126655;1.480212897086459;-4.597259919833544;2.64755882810574;-1.3509948804964742;-5.302849324448647;-1.4398226300050287;4.64762455628077;-2.998155837310589;-0.061453656000548994;0.9498368348893115;0.3366138131736061;-2.0885200781548723;1.9813677656761237;-2.505056567298607;-0.5701829418700857;-0.4497936776032412;1.0376153913261612;-0.14935894414311618;7.600424267991101e-16
