PC1;PC2;PC3;PC4;PC5;PC6;PC7;PC8;PC9;PC10;PC11;PC12;PC13;PC14;PC15;PC16;PC17;PC18;PC19;PC20;PC21;PC22;PC23;PC24;PC25;PC26;PC27;PC28;PC29;PC30;PC31;PC32;PC33;PC34;PC35;PC36;PC37;PC38;PC39;PC40;PC41;PC42;PC43;PC44;PC45;PC46;PC47;PC48;PC49;PC50;PC51;PC52;PC53;PC54;PC55;PC56;PC57;PC58;PC59;PC60;PC61;PC62;PC63;PC64;PC65;PC66;PC67;PC68;PC69;PC70;PC71;PC72;PC73;PC74;PC75;PC76;PC77;PC78;PC79;PC80;PC81;PC82;PC83;PC84
15.497379753990652;19.63333233974768;3.7868228059240487;5.767790961356887;10.698225625801847;2.9206845021099133;2.0969722150698384;1.0116151883937732;-4.243566105404916;1.7352720855771762;5.4982373158237206;-4.261772074827229;1.2004414981235165;3.4057543201680955;0.3809372453427942;0.539058871921485;4.595461665063784;3.9502170769125233;0.47309065110688847;1.7684895884351448;5.545202592762109;-2.033480299609341;-4.793515093831397;-2.6759388928564873;4.5752936851647075;-10.879561666209103;-5.162140671686119;-1.2691466846584476;1.4691452920124273;-11.90153093434476;-4.06609081114058;-7.408120570000792;2.910243236547596;-0.917738598456564;2.243280105797319;1.08086227598262;1.5552261177109863;0.8609979152854182;3.455103349639486;-2.5211187717300843;2.5752209422345107;1.9069085870561586;-0.1311912296988908;-1.175398768194274;-1.3244467861317237;0.22756280776840132;-0.41021294340786446;0.4316998411135674;-0.8849305730626479;0.3485975951611737;-0.5051503681396312;-0.4992212357782508;-0.2657792913120869;0.21203647675994658;0.05964623557053853;0.3434699763823587;-0.6840810429326389;-0.1676964880801819;-0.7438523304824013;-0.3185839274173607;0.4854232468429853;0.21200210029605285;0.2215958467968167;0.38143985273987113;-0.09272305153826692;0.8524601773174488;-0.5107106580688475;-0.06296932082726953;-0.8749087760517964;-0.23340197550165165;-0.09900049585428257;-0.41415512115117803;-0.3732804282682132;-0.13428009238462216;-0.23600444775119375;0.23775620737912861;-0.29427210980878493;0.20976427742660556;-0.06515909250559124;-0.10076987209152252;0.583962377608371;0.418778199586552;0.15638742958130128;-1.2861006306570789e-14
16.86772831507169;21.823750418255244;1.757561703567069;6.373621227989514;9.42117806792139;3.379780936636233;2.5347836910548778;-2.6982690688022304;-3.0567431481262077;1.496077340378221;2.1585069511241994;-0.5912922004300113;-0.9142083312308533;0.951410451951893;1.2764097735918938;0.2809958889163308;-0.4879056483849206;1.4533359667723595;-0.2639645521197345;1.1631205972998262;-0.1434813429039931;-2.195471241543302;-0.1359801684520851;0.9222074346656234;-0.7211056392043848;1.048505413325278;0.5540673133544847;-0.9522244842842716;-0.5268458177625384;2.1427718053962024;1.8363618478676011;1.0410391831258976;-0.514953359761016;1.203801270120068;-0.3044990492272958;0.6892993002092047;0.17104672581465555;0.7265552819005408;0.5505052064807943;0.03402326968815669;0.7473666118413691;-0.8852953898741278;-0.9683252875771401;2.20749426528763;-0.7909401702543544;0.30205516206807465;-0.5106344592526634;-1.6500403447989709;-0.8455629397428708;-0.17606595039860015;-1.7133210217383434;0.686498999222427;-0.27860195472682514;1.1871395499409936;0.5770717854239716;-0.8397715672442795;-1.7417824896141165;-0.28597785116660585;1.0260118715098336;0.5079859685014341;0.7477422787186518;-0.013622565036255854;-0.47786020463866524;1.7640760133009659;-1.7063371001740322;-0.4413688959542905;2.9131829175287844;1.3180047788159062;0.8306044050595395;0.9364926311097084;0.7348048890557558;-0.13386348029577003;-0.9601124114551549;1.281042699879967;0.48286830925219243;3.2303087125795646;3.7918292467904067;-1.689805989934927;3.473318065684612;-5.677516324447962;4.338512319620699;2.856539429460466;2.7395743288568;-7.77479707500679e-15
25.765564927291077;-7.211890703973995;-13.064295138025278;3.036035486225092;-4.627325103710688;8.735627830488347;-6.0709574212078845;0.7077007309519625;4.2545142587069655;-4.910046036653263;0.27149214708073166;-3.899636393041883;-0.259433017372099;2.22203568883001;-1.5134159882344276;10.181229257109413;-0.5277446046627127;1.2882103692219133;4.898352786645342;5.784982843649483;3.119558211241631;4.047726330858407;-1.3694496642266254;-3.4817666773406897;-0.020022644818423557;-2.352485718039278;5.123711479571062;1.2630975734502783;-0.6766830442607698;2.2912388724246;7.112182699900427;-4.505779479136932;0.6779228350238348;7.325544928402322;-3.8001686830277563;0.9066919488538528;0.3265258562838653;4.400280425854321;-2.2516687824719415;-3.975218553931154;-0.5660169024953492;-0.3291750999876614;-2.4133919512699955;-1.4917796151474776;-1.0575728239863513;-3.6727404544019815;0.4693984103835051;0.08761150521585193;2.5135945838468023;-0.35098349146665014;-0.9804974165133148;1.6766903837911364;-4.35625572180437;0.14278102741136983;-0.3861088743731656;-0.3328081097112012;-0.14512872925883802;0.5664399293419295;2.15035917720908;-0.168394392829595;0.8422369089900551;-0.6052063080419414;2.6218246492995814;1.4932140197994326;1.0158862478727013;-0.48781716041897455;-1.2835897260582163;0.6015692134516823;1.2373269302625354;0.24619608275126195;-0.4132018561944369;-0.9173806786674337;0.582024224683791;-0.1947255608782463;-0.18627181921438543;0.5926934945120969;-0.5742355184942368;1.1204414047653795;1.0403661106396687;0.7905841633750713;-0.05644455785593313;-0.5720622700881342;-0.06311310195795565;-4.751384246268349e-14
40.26538281556519;-12.159756807262426;15.517854197137687;0.9209931515933101;1.4662408985704216;-6.361453309730003;12.27708355619363;-3.082249286931976;15.031947680128855;2.1100541520237672;1.2315552904863474;10.139824157654193;-8.452558829214059;0.1183648160207417;1.812944285037822;2.330156240844745;-3.099146134070676;1.7939917742634504;9.760356620419712;-2.739874458843707;3.8782850116742416;-0.9715971902211004;-6.817607596544522;0.9768534402652901;-2.2418449306974324;-0.47041138537667815;0.48665903020283724;0.6776105092114981;1.7231312901179678;-2.3889354858972616;2.498753898812403;-1.3276833902850291;-1.601059225136925;0.040191325327213194;-0.5684729961500654;0.571402073804652;0.9739491251166884;-0.8683811854515618;0.8009607545082235;2.562762759667767;-4.583703928810921;-1.6423082333069496;-2.0982214903673215;2.923119389336726;-0.5616662489048021;5.623099068777841;0.3093982856103335;0.1165895799107541;1.9998280343520778;0.668178255804838;-0.5522582168162847;2.4476228632634642;0.7467716371018042;-2.08400796645774;-0.3538480768824059;-2.44487811535106;-2.1284620453125056;0.46410925635602307;-2.1318327519636933;-1.931341201438386;1.346094008682597;1.1075358227265755;-3.006096945864641;0.6442836439826719;1.9593809314062771;-1.437206161059858;-0.07241612762863794;0.1974851010088996;0.3093635553662052;-1.5068310418022344;0.6939341397165102;-1.1176720460401908;0.9686546448579851;0.43540985765250684;0.9334346881821242;-0.7716693282272156;-0.8304270253400711;0.10437664479728936;-0.24868758218881085;-0.6792019374077719;-0.2556176245614182;-0.022577584729378927;-0.14374935034000874;-3.0943763820153026e-14
-109.23404779133823;28.223660251044215;36.70809566714138;-1.203580175798761;-31.277993264527154;2.9782722273503017;-8.264999985469935;-6.830747743097122;3.4905963343159314;-0.14810502452263494;-2.3559981026270336;-1.6073138147489483;-2.9455111459982124;1.5649113330978104;-0.5660317653606289;2.681228737855544;-0.7908041465679123;-0.8539411903927604;1.3166562512304278;2.47854734386359;0.334968570278418;1.202645612518372;-0.47579509143757637;2.288614714378496;-1.67709451092688;-1.0760363560859958;1.8740241474052277;1.865968886478664;0.17104893019087603;0.07134435869465564;1.6969111284285392;-1.1974170705437865;2.9303479610851904;0.9286185317609792;3.0119616479707667;1.863651180312631;2.4795155932585597;-0.3547459689254481;-1.2751434147227922;2.768987675975482;0.4733673221979358;-0.17519848784388678;-0.1859678208272514;-3.0534944991296777;2.183809493152263;2.055009048499266;4.39322144592559;1.994094413325163;-5.724535155047286;0.7363545247356246;4.319797832170546;-0.09901367784467092;2.288480298214841;-0.6885651866175158;-0.8506997102405587;1.384648486741876;0.1270693195887764;-2.6338475882759926;2.5533096146591547;0.9674660612429564;2.040823395960522;0.47465344006595955;1.9579586386777776;0.02211854131646728;-1.208388978742115;-2.1235631131485913;-1.3315245141420589;-2.6501639928513177;-0.3300601135762861;-0.1652496028758512;0.0948227278096311;-1.0734998233748771;-0.9402094669591894;1.5725325656585531;0.39367978923286795;0.5957307913755433;0.2986272770617591;-1.038457741767867;-0.18293989120244133;-0.0571192518426818;0.18080155407253803;-0.20737397384094594;0.42864100167747726;1.468584535735658e-13
29.258079537262383;1.5953711883121973;-10.594487019740221;1.294317899514609;-6.314403649371833;-2.2744918565242984;1.7246592299002172;-8.223150299811813;3.0845266989673497;6.315176272828531;-1.207214807295667;1.328591579263083;-3.7328001269003583;0.9551844603025814;-0.7036343400297209;6.811140996188738;4.993020357864123;0.9903494317770376;2.4339967139599388;4.763649091665904;-9.094209482902196;2.7620384691922664;-2.606911466876586;1.8257536051427607;-0.9980898412758342;-1.4068480346528702;1.4894195551705074;1.1164473479653114;-0.40737688997297244;-0.8480181120709106;1.059036443271391;-0.05101663104041894;1.4783569247421329;-1.0012202564968458;1.259603141621074;-3.8616870933169345;1.1811921078793828;1.1157166064953752;0.8889990854885313;0.9880242266423597;-5.409317460816522;0.45807825524403273;0.6563816214197136;-0.839208063068455;-1.3437150423438828;2.919043343621662;-2.5324014150426133;-1.2990548896295733;-2.2047163828397163;-0.732381893294218;0.6219917856155404;-0.6188198671998024;0.02711668953372204;0.12472063545427396;-2.7984999942243083;2.4531178575303745;-2.153044469630467;-0.18854472026491892;-1.6319636894300933;-0.38296270446515573;-4.303568905176802;-3.36568963435823;2.9945604220977935;-1.673652092461041;-2.53884130649647;4.87253205426514;2.8501440627672063;0.06603389290678245;0.10285522026962936;0.7048042255060809;-1.2059217142681282;1.7058799974402925;0.07158313085767597;-1.3223124997454518;-1.8074552602013292;-0.4781822724323295;-0.09734069149463699;0.4613956981368497;-0.7104192882732583;-0.182711360522661;0.30310619316550125;0.32341410572876106;0.1680829360426835;-3.8784713931568194e-14
-71.885513577966;-3.4291379818888226;-13.550576669613797;0.8924056482362286;16.23921210269014;-7.217352995888527;-5.7156687272027;-10.760044059695769;3.579295546111319;-9.563369542755083;-4.732430152226974;-0.4072220411594342;-4.682542685880644;10.664645564644156;1.7767204602208688;1.5136816654552834;-6.811203334649087;-0.664956424603327;4.04700321887249;-0.6953790405351695;-1.604929687887515;0.28346287570294093;0.6357934504929867;6.800996392096042;1.1370810284997976;0.7885345396739416;-1.6920478005344528;-0.315919526012343;-1.7779856374742908;2.690618865448368;1.6035830094835164;-0.029067078306724798;4.158233173079411;-3.142446951066992;2.290556713220572;1.6181645902379496;5.771623587361113;1.031693392171075;4.825149716254326;1.6353308870774412;3.445237085972999;1.5398918294570931;5.7627757097365535;-0.15833639138151148;-5.222381789462203;-2.170917132048952;1.2892181063802466;-1.791271831090803;3.4753560007013373;-0.2605488436567587;2.3240472720364647;-0.06079475923795181;-0.5702488634571872;1.3372896885902263;0.08913233447680287;0.11337027476278136;0.23738656564755808;0.9799544087848943;0.4195825950928606;-0.3304945676979591;0.7939085250388479;-0.14286911094095714;-0.8487743121492599;-0.636800696160851;0.28992089901510354;-0.04300223237775556;-0.38490501789462755;1.6357435427949176;-0.1972758741679882;-0.8609666941602592;-0.6941659253725464;0.24549593521742596;-0.8177665004427884;-0.43343478022202514;0.3664806216794866;0.011074382354648981;0.577808816953739;-0.0462321421329531;-0.27280285251044745;0.5379517681625359;-0.0735644598435365;0.02254944920332239;-0.4000775993914426;8.438412230973706e-14
23.65497547370371;-22.460126307752937;1.4869635409682034;2.0000372167897744;-6.375203538649825;6.298868720262107;-12.306302497100493;3.252551644499109;-1.2209587496676326;-4.0783550715018215;2.0537657530677906;-4.885172659225725;10.906097917800405;6.64923225128835;-1.1659906573683503;0.5395426051986772;-2.1283534515653995;3.70206205935775;8.784951647048137;-1.935705619634306;2.7299282763244075;0.5085086116086576;2.8086197086420843;9.72535017736659;4.601571796219802;-3.2871433009476814;-2.7914568489012113;1.227289230552991;2.4095384373319297;0.6698068563761723;-0.923920300426564;2.91617888343938;-5.378408359306017;-4.0177715972671875;0.6610630849504885;-2.7277724206576224;-2.9560917386693624;4.073709857853638;0.1000562136891732;5.90152913508977;-0.7561810611931576;-0.040970100197095155;-3.3497038384515117;-3.1394592388379636;1.9680518240995857;0.5590530513630327;-1.7343405733784616;1.7670310457328746;-0.07225856442238089;-2.6308907052197026;-2.625680998869834;0.49057726478032776;-0.99600371931791;0.5376796851536855;-0.010089915619863395;-0.26188261339814756;0.20766932157817067;-1.1179803904778927;-0.03577302151061716;0.7612456091363686;0.19019173830428598;0.17050313052684055;0.37189221147110135;1.2579402408370517;0.09431835266111492;0.6300274303068059;0.549851857977883;-0.5034077476520586;1.0295372139003958;1.2179182619164883;0.023462956758302782;-0.7501881041173063;-0.009321429801193687;0.5557846783405651;-0.2917922124933684;-0.12957017570081408;-0.004906986193923621;-0.3973553884664912;-0.47822864631811984;-0.22256917223011902;0.04983831747100229;0.015350589738297008;-0.12166749184855724;-4.3836228693612656e-14
15.853304224837293;21.836010683394747;1.7359999421478853;5.3484916881631035;9.273362308778585;3.175069700532952;2.538022519565055;-1.6778202482869609;-3.037915740630978;1.1334730397751949;2.266094876096916;-0.03206964941888139;-0.6134704065358618;0.9520421040843651;0.8019395853195592;-0.1918989818376108;-0.6544648723869084;1.4363730326032265;0.5103048231425534;0.2835566577688973;0.48409061882361115;-1.2288794709513255;1.2964348455360266;-0.4521104479595455;-0.21087025663450037;0.9056372049714095;0.8462068326306124;-0.060372461734698714;0.11865352584574042;0.856408978977888;1.4180306152869209;0.9019368007753326;-0.333053601567857;1.0504140418055374;-0.8693778287980661;0.3459083055891687;-0.1260938663535707;-1.8680129717946892;-0.2484818403485776;0.24558526344980777;0.10423694132395442;-1.1861024785018157;-0.7859067882978098;-1.3499963568399016;-0.2809630094917291;-0.648588740230728;0.7352637343221757;2.381182193844652;1.541534951395205;0.622807873569499;0.11329391690141725;0.7882741750089881;-0.24720506268908696;1.8773046459033405;-1.2318315392337076;0.17031390664790105;1.4365588947042578;0.8258118824704391;-0.044978343795418145;-0.3828353059859422;-1.457303567226155;-2.200732948887881;1.9706759893172914;-2.0907215463873587;4.408719980107438;-1.4343105431204157;-0.6533847834104326;-0.5008791761679066;-1.04795400266371;1.4859905148315602;2.4165800003415936;1.6213212493608231;0.9843229870799782;0.22995154363036183;-0.1999251896252155;-0.6193366618742626;-2.8086284487427515;-3.6185913932630642;-5.787286936337684;0.05990724312811492;3.7621181413610696;4.182404485370903;-1.63683760959503;-2.633076692211534e-15
27.752735622639698;-4.594554860208918;-10.904337244302091;0.9348773079402033;0.5944803011284219;9.66056650209945;-5.152777538413517;-2.7102815367213475;5.182705898027828;-6.896761191021927;0.2702513119108835;-1.840640019186699;-6.072436853420656;-2.381121018435716;-3.810426624545235;8.216899433100442;1.6850283480845614;2.7895835553654655;2.9876934948635854;5.37595858068029;3.3622460538032204;3.0605396953000557;1.015758011713278;-0.3598919338433155;0.47962275032891627;-3.986454278348917;1.355786155512051;-0.3634588405168453;-3.2141470391808014;1.6833824750571345;-0.17941360591798355;1.6426602021446919;-1.2607918666383682;-5.411062651868311;-0.6035762809191839;1.4182950989918184;-4.751225174616799;-0.8101108802123009;-2.2764831389564875;-1.8188477414265662;2.9900626808140527;-0.9672179329996077;2.719480681258086;4.835781200707848;3.7578411346707936;-1.5294461895427747;-1.2039729707168338;-1.6817748886867845;-0.7611195736485699;3.7211446911697315;2.0647834403435015;-0.8772113091464993;4.393630760657498;1.501467933092584;0.32280114170551366;-0.10130623390256824;0.5998403084070775;-0.09338581888390543;-0.5423697909181168;0.7148354911495882;-0.15907718158446849;0.9106772090155029;-3.712719124580411;3.008046656813396;-0.11148924851584709;2.1011155178123357;1.2707918440343007;-2.9053967782594277;-2.2126970634592964;0.5382772371832361;0.06412539486592421;1.6318479469300653;0.2201717747528689;-0.5749096220943771;1.3517498512439872;-0.6352320589083364;-0.20221116645906945;-0.7947597687312451;-0.43714338734793745;0.9034811313821046;0.27068306502314;0.7263731063067039;0.08351473046890176;-5.413354724701098e-14
27.98722688625313;-19.643686323352135;23.545329139626475;6.289763601132688;12.682715843584573;-3.1245187135096995;5.519355029249931;-1.3733960261003788;5.458659200215414;-3.146079882505796;-0.9864795645397578;-11.126065995690759;4.148000641035731;-0.836234441214857;6.087115970877417;5.714981269075795;2.254252313825177;-2.8677230336451704;-0.0420947413674853;4.356713110910578;-1.80443158280476;-4.284296700765417;2.154747195913582;-1.129808382387503;-2.9777932176932382;3.744913510459269;-2.707789015710705;1.238547209181624;1.4141955836451963;-2.4214175959038635;0.5511118815521214;1.4144463202165456;-1.3288592460236854;-2.7306815917470826;2.5789296574841027;0.3386964339625268;0.9200484847722681;0.29725288498253993;-4.63812450751429;-0.45380398657563165;0.7147612082397493;4.60360845913674;-2.7278750155569407;-0.8178689766995583;-3.4338377207581585;0.5542509779470334;1.1234680336485448;-1.7400466415035005;-3.723499969002242;2.5496527765311687;1.1034496948771084;0.48056351169649936;-1.9855008117192867;3.488917120567923;-0.6694609374739345;-2.5166866139954047;1.1544272749677995;2.34515088237906;0.7344403640472265;2.306818219882448;-4.221315995130495;1.202847218056045;-2.4307226837608806;-0.30351188796808043;0.30722113324877937;-2.326307138368733;0.0374931564647981;0.6893268531565034;0.41380701743465975;-0.755531216783969;-0.061905352759117675;0.04322577964628215;2.5835057958459218;-0.03360279083810099;-0.9327532543783985;-0.4921255889255416;-1.1567446911086765;0.5792453368013419;0.6062001891820934;-0.32952234498542693;-0.15691097271432677;-0.4484145882242475;0.36112650761932796;-2.3657925221050436e-14
-92.84261377745185;-3.3001106647833467;-10.24291142408637;1.5567826463075418;11.769043379262758;-5.424835279776774;-12.101799554787975;-2.704418713031314;0.42247961284609287;-6.743379136019716;5.159559582667991;0.4192846668687712;0.2205050843711373;-0.9501153056092326;6.011542033827613;0.8193068900068156;-2.2697161198194626;-0.9645230555490379;2.395599253775097;3.0344493467744935;0.11116402071050331;-2.5830535485567694;-4.169294478932244;-0.3793540029240765;3.3168296334396734;4.685046216060277;5.642861401859596;-1.3184055135913761;-4.432888002749734;-1.8283887569357082;-7.196367390401952;0.0741676823040776;-5.697088382900209;-1.6502743142337282;0.3864731735438118;-2.1146880267704473;4.7591810754037445;0.3464838957805209;-1.6506528346768115;-3.6546878481185456;2.4865909242828264;0.045931739038876845;-0.12025698327691563;5.012712686410755;3.4761215820333096;3.0526082103004915;1.1302916664825122;2.700097391231526;-1.3945089999923248;-2.5393961208354185;0.42129838636992667;-1.2913041082486074;-1.3718162736008297;-3.839115350455284;1.0070828941245522;-0.3905300224937657;1.4299515973672856;-0.6221471853999364;0.4234737888801709;-1.314778829126413;-1.608634024594729;-1.3428568054026222;3.520360346229673;0.9581767116446865;0.49386321497775204;-0.28988011096294314;-0.40813719941459753;0.5688310150098456;0.6695177629547038;-0.1513400769027942;-0.02176353615857199;-0.04488601130705084;0.9879696263188495;0.41244301992956584;-0.3785238173817241;-0.3484927117178327;-0.13013388504236761;0.3402622848338373;0.2808415596972849;-0.2886647743044672;-0.0741282964671955;0.27046490561647263;0.14118025775981802;9.337345936224888e-14
29.20141610946417;-3.777786341021537;-11.098517642022362;0.8723664235995316;-6.227343091345963;8.668939291397972;-5.909398318040459;3.0092548402597217;3.1094941073266154;-3.6726748832568665;0.2612797506965237;1.6357554759195474;5.7204938044555265;2.0886971200725637;-2.783277442281211;2.973170446494976;1.6486671551663543;0.1687790072931363;3.733027290875335;-1.8417465094131718;-2.7946103011322063;-3.25646527634788;-3.5183129224347587;2.2522679933959755;-2.7623894591747375;1.7093874046496211;-2.089990713939117;-2.7426308491777096;-0.9556548380897743;0.9763210519328721;-0.8049863654705364;5.0468838670021405;0.8777110390562015;2.0742506985906344;0.7159172841503283;2.3907916457269462;-3.421121712630454;-6.744847234403133;-1.3190134102768196;-5.966191673732461;1.9693976618572109;4.349578215958966;1.1559016299419203;-1.3304252409906303;-4.336047042170307;0.9912083954347238;-2.100774389031815;-1.8736214372337994;-1.580533749046045;-0.029170625045801243;-3.0927109353162683;-0.41125969551233527;1.8224601710864583;-2.6170783350984554;-3.4420183548270975;-0.4467156962733723;0.7922839991809271;-0.2023207213727728;-2.39214024120054;-1.3893429134317439;3.8201101785554457;-0.13166108158530396;2.0260058836918198;-0.38207000314605527;-1.3140998833599025;0.041798112584910056;-1.3694947355889215;-1.0843936358289785;0.03451999723575059;-0.7116524959681148;-0.9360814045622549;-2.546100929135091;-0.21746326391939463;2.6183516084572926;-0.6148751411318991;0.23478204184906004;-0.9571362861758771;-0.045327582715424586;-1.387019898106213;-0.6533867391344018;0.37270783485422176;-0.29633862743035094;0.5459023254369191;-3.2828540876801827e-14
30.703651919277874;14.24979094246937;-12.651239598830044;0.6243227226237039;-22.838461825583188;-15.88098634146384;17.48395577319659;3.4475620152653383;-6.653329545173076;-12.643914577436748;0.5860298531624446;-2.3539828975801598;2.7359924141750405;1.2875850163645863;-0.7618380151612851;-0.3462700251763527;-0.9572897806791115;0.043797911498512074;3.7378493476022006;-1.4717229954319206;0.9889659082275242;0.2009458481380191;2.071818482028185;-0.1091627305040726;0.42213961855199944;-0.8906881728339809;1.2397558632757952;1.9355080630852914;-0.9483788235336715;0.1428685021132286;-0.8685506484997155;3.141550844513621;-1.2909351130677456;0.3265817365750772;2.2335511998151203;-2.3207392600292054;1.1365728568921267;-2.7922287532689714;-2.5327460330243934;-4.623980057590704;-1.5247696186301614;0.5174290409197072;-0.22316130313016672;-1.9113678145179684;-0.37092420141028537;1.8693656826530514;1.4966119627933778;3.4437517219078586;-0.7388029962925157;2.5784997572805897;0.3527093235709257;-1.803443095888226;-2.0060320184926903;2.4111440698675524;3.2380984752805153;3.868075896408688;-4.110598036413295;0.27976344757907895;-1.3796415031450628;-0.396923538303719;2.33771559080215;-3.1409953624858318;-2.831344496549192;-0.02913641057817399;2.564017931331314;-0.5455578046202358;0.7706979258597951;0.565808365808783;-0.7184267801429474;-0.7968083986147316;-1.1429342959261617;-0.12290865920957385;-1.5350358550908725;-2.5625352340018415;-0.5935019208356493;0.5379690044395071;0.8554329881479249;-0.14051564952864548;0.9976704106594789;-0.18057371192567034;-0.28005759177874234;0.17405498294346225;-0.6394061061370186;-2.3879969825975467e-14
-87.37782853610466;8.370780169667773;-3.7426445014279546;0.7065561965580764;1.2708825732848805;-11.400271057662627;-2.896282908739147;26.06545278064708;5.586656661339847;3.77595798244783;2.0631994818908947;0.41716748963831485;-2.7055063444437333;4.513612780923593;-2.011233175420275;4.396925409068665;2.2883438312982007;3.66088119652451;-3.4856098470972037;1.2983711075365396;-1.534110256004262;-2.335296779586699;-2.8677468883617383;-0.671955805552714;0.8380956319159736;3.0834627151553478;2.859450025394161;-0.8679781206322924;-1.5493200346034468;-2.8797363845263937;0.6138445984761581;6.375839982061295;2.2225102462643553;-2.2565253722876775;-0.5829010362823687;7.665092287365451;-1.7765161307848991;2.622336749380245;2.209334587747942;3.722917316050273;0.32286905376152425;2.409887544150972;-1.5011445767000178;-1.0657733025721308;2.7278416848336056;0.0553733952075361;-2.3846196346383883;0.9447347272442064;1.2852248741435857;5.303345997599417;-0.369789098828466;1.082769231133236;-2.1540538839620798;-1.1979687907692977;1.5476980162209844;2.7487828891468453;0.2720391111095912;-0.08775462563800801;0.8127805181622947;-0.8767455536358872;0.36092442019169724;-0.18240210905060256;0.32448705781168163;-0.8590585660984493;-0.8849455912561207;0.12611619522196058;-0.0399235196432368;1.4096006850595826;1.1614623361916963;-0.7513456834899844;0.7535819064398518;0.35381864262518564;0.26087097481793037;-0.9523648663568446;-0.6222477885374668;0.25739348328951384;0.06907758000464977;-0.04618335862176048;0.12858612768395847;0.1814186406284935;0.06579441676310775;-0.020508708036326897;-0.28620759174664606;9.081994640561102e-14
15.46678254634428;21.36702686228165;1.4017868959063888;6.140661924111672;9.742495400321504;3.4547715975229325;2.250182471128254;-1.732286612176045;-3.0884537720775787;2.0482405454699615;3.203114139086292;-0.059369161850162944;0.17612786773940348;0.9323126784394066;0.9979194309860109;-0.19590241294468613;0.8833899660525529;1.8745396834792158;-0.19150410590969688;-1.0282016528938591;1.4068431278256577;-1.374371992604967;0.5670938406016918;0.20795083241188148;-1.2349741156872553;1.2003204033487027;-0.27425383249609225;0.26909941793423503;-0.4323085241869465;0.8639042868875736;0.8941735707846612;0.27933892353387235;0.01712739879247751;0.42130975379835406;-0.5416741572790106;-0.016881675328442418;1.398239546251959;0.4166796029983284;-0.35106479683993225;-0.4205281544203026;-2.1308346160142326;-0.7718950677823355;0.38865541279172805;0.06127894487454013;1.7533205619382823;-0.3269431514778706;-2.633904901709093;-2.680712624065007;-2.196748724228921;-1.0181806090971022;0.3138356938896044;-1.5980849718725945;-1.5228528282905456;1.232893380753016;-0.44748422090938234;1.3272830737439487;0.6479957579981109;-0.011268023445703775;0.06709317151520613;1.7180613519592525;2.1934468951725226;-1.1787754412900242;-0.3986822464718464;-0.09923089765487614;-1.188300914679711;0.18041207339706702;0.856497556612692;0.7768131858442733;0.8481529956682565;-2.3786816238026334;0.49563056435878833;-1.8245378302755217;0.4809336977960145;3.8989984265778306;1.1442517791926583;-6.913690933635404;1.946451891747914;-0.6266245776122283;3.389236802475026;2.675091538365091;0.7025719856277126;1.5646087477880555;-4.161365598601105;-6.69926851990117e-15
28.559109738688722;-8.892896445956382;-1.6089923982673684;3.0955077505684794;-0.760937781231721;3.8456961488807293;-5.323271768899357;2.2680225151446822;-2.235704302609255;-6.565047684956213;-6.0293924385336;-1.5567642469936145;-4.881292930760927;-3.855239098664649;-1.2087221402110553;-2.437234002654006;0.9232283732387971;3.908410272924016;-1.7046224250026984;3.273289777646286;2.716516554492152;-0.13603463102295718;-4.881376268750054;4.331924276592259;4.655647165528926;2.762705705300651;-0.6839379855168917;0.7549428024172702;6.118538413669028;-0.8727294526468544;1.0109991698187648;1.4025204940077205;-1.9102058473922816;-0.04494712780132457;-3.9380230587409657;0.8259876473258341;0.5870252571460108;-3.9453414602420933;2.569806135936621;-1.4311386905089611;-1.5253961585890567;-0.7549765825582756;-4.715529488910406;2.450455649387645;-2.760917289303802;-4.210718739056881;-0.0036709329654106963;-0.3372514305436372;-2.359008953958723;0.47778647049758755;2.523972047315816;0.33707383804854546;4.368522867328051;1.891665539997026;2.2295980495122367;-0.2012258471100949;-1.5762451465950742;-3.1281614403112092;-0.8360918077955024;-1.4621816988913128;-2.4278581627471154;-0.9377020422367526;0.9653479358517741;-4.08563551282532;-0.2391747928571354;-0.6338453499233294;-3.0209065401148507;1.4467348895112757;2.410469341402842;2.0873932714650825;-0.10042646603709172;-0.13110005288586896;-0.7433110426788945;-0.4957095033250841;0.65669157428243;-0.3980532027221095;1.1770192735851126;-0.03862452960309755;1.2129788532841985;0.6276618884167116;-0.6333315983760616;0.1628404561315092;-0.23268160816475494;-3.7806329891117275e-14
34.468480138741306;-5.350165312235393;-8.028107630551894;1.8102127023053818;-4.681975181641598;8.450361023710068;-1.85911656368374;2.4616682688019353;7.551471313647928;-5.98930452736806;-4.949798214710412;1.820486601776473;-2.6867226692142383;-2.40035276186863;4.720193343003527;-4.488131025866439;-1.19651083095452;0.8625874706472555;-3.576246524729399;3.3180037328998164;3.1733210753139147;-6.431646080647363;2.6452522035368804;-0.888736974816711;1.5746357324735758;-2.600629104812229;-1.0805544550050756;-3.4199455900548767;-1.8201247398407359;-1.8092459514026973;-0.5797877882898657;5.326575051552695;3.6184621546218807;0.6278560052500419;-0.6735386224544656;-1.8298741831200158;0.43889830682782965;0.6015083461032177;-0.7562297039759637;1.5119140230128352;-4.315357693285142;-1.4970776503353393;-0.6269314912233632;0.1983855037996288;-1.495947237867796;0.5619980644411017;3.0417924129902807;0.874439583513839;0.18753474158743433;2.1698012715782005;-1.6335924157479322;1.6258760720038559;-2.4444791158714536;0.27709224018764306;-1.44975609762039;-3.278809640812648;2.5875482475566414;-0.52226468988417;-1.919569464596161;2.9824803416262133;0.1520054365076668;0.47142294608157864;4.46128599643314;0.5476421590689772;1.6329911214238164;1.6894268956195309;0.1685468445947434;-0.670018397681612;-2.897640400422678;-1.831220813990507;-0.9872555003936132;2.1468417137477855;-3.826050066959282;-0.5918057049288452;1.2669322638753684;-0.7656488885837235;1.8193272538250995;-1.666480171350337;0.9369970569830278;0.11162798012278043;-1.3188833579108696;-0.4266810044406604;0.4061097658068234;-3.108254169823117e-14
-107.04560630051431;29.277197183817886;33.989912010252816;-1.6082701524053942;-30.153475170877343;4.121035617344867;-8.120931268368826;-5.952215256966466;3.097219835975201;-0.7256050460658248;-4.128091651072601;-2.3935366910357634;0.40237700344964605;0.2214676299010168;2.077010831301364;-0.5942324569001082;-0.4085258112804989;-0.45853030701096625;-1.206430785583174;1.0277501675502343;-0.6891444682696877;0.537891587255465;-2.466533211345798;1.0435820037805434;-0.07001239039081436;-0.8214767143495193;-1.8741807919468263;0.05312199434925071;-0.025560349894886484;0.8113179753696644;-1.4457630703231232;2.688609990881679;2.4454725478876664;3.694708905898859;0.20778701174225542;2.3182644960385126;0.283638181632978;-1.4207876788877434;1.0708874965969555;-0.38997150778698647;0.7239119093498803;-0.27564791096215646;-0.09296168487478267;1.4929207707096752;1.4826099244868225;-4.661832243418516;-2.4169971478719647;0.21855951543771823;0.3126552157437834;-2.6669365966478886;-5.004818341729608;-3.258122791683016;-1.480587037363468;-1.676140056245731;2.1646358237637373;-3.980618164691255;-1.1851957942223135;3.0985776191696073;-2.7765584670590173;-1.0434135127416084;-2.9612808526640393;-0.4668548857450338;-2.570006069920375;1.1245226465757503;1.5676164864620907;1.1718262556927048;2.475579320515801;1.8845633019596946;0.24238613019993996;0.16964712939826188;-0.0313178579461238;0.5584374455955534;0.3027041588697228;-1.5120714995430191;0.41732960717038486;-1.0993727495522798;-0.5802872935992155;0.5940330464522424;-0.4515508670633424;0.1829751603729935;-0.3034386986866457;0.19795646723611668;-0.3086736559700133;3.2866304520177846e-14
29.600851762751514;-15.263146727446799;17.56160694615864;3.420557199928194;7.115711699829051;-3.9182737596175703;1.9274290440912745;0.23061822140632335;2.6012360452956167;-1.442391938549741;-8.825805890846691;-5.301776267617467;4.644742434853319;0.3619707999565864;-2.099341004458315;-8.488310176983294;-3.200008188825486;5.693386564704852;0.8903960456345367;2.6421950705135626;-4.506603259850272;-0.5350043788362371;-0.5814816462096749;1.3396641938936318;3.884806889973411;0.7694878573180503;2.34113336752514;-0.2970363020831934;-1.0477775198061745;-5.718810201487861;3.3368089689929903;1.368172069063046;1.0181770664526102;3.8251095339890258;4.592270938056142;0.26192710027933896;-1.794139294273339;-2.331133695380005;-1.6582134584447497;-1.1638889418411917;-4.173399824510237;-1.1764695244089947;4.069159461344383;2.094880155531102;4.19359866162862;1.2884623054970727;-0.12615555140998375;-2.933888131789978;4.0693227017284865;-0.3854337887404718;0.5483749145866789;-3.338875832014373;-2.497425808119751;3.1823538491553167;0.30241385946193944;-0.4465016976158455;0.19975838374246108;-1.3291195262349231;2.020992723385807;-2.4550108458569784;0.36046819055360435;0.2872755375197583;0.11738505771578633;0.08248398128457948;-2.0410182318300967;-0.12500063113383877;-1.9555435965526853;-1.0939071386135883;-1.8995094427810015;2.1070273904206327;1.0782476056884582;-0.03331296593645395;1.267317794268483;1.358679861328578;0.5328592361450379;1.186397978690138;-0.13314945704374936;1.225818264526925;-0.11696416192025313;0.39162296505106214;0.6140467429792927;-0.16690876730410112;0.02914502608954063;-1.7187406655656946e-14
27.53441505669977;6.618849222946334;6.4666669759950395;4.609231099792756;5.300563055933555;12.774184866183427;0.6622613166287523;2.414037309276323;7.101026573209705;-6.743996976833053;2.2953781715180046;6.928443090353946;7.233131111596529;-3.518993231259178;-4.5118317429109815;0.4172380123881048;0.2738436385296796;-6.361787130236671;-3.8529076596446052;-3.1535563612058364;-4.411249321023645;5.23521030329009;-0.7589119318991511;-2.076257810750631;5.139111845282573;-0.7425406754289522;0.28570962887059614;0.6713355413298392;-1.047443341995407;-1.8239421865060952;1.31543758272814;1.5022318990142696;-0.3995583378520891;-0.29583825393791696;-0.42139235915706696;1.8954115571997696;1.8768495479732634;4.270991849998373;-1.1780521384298177;-0.5940812693587396;-0.9542309399143919;-0.33719063168259455;4.467285534407734;2.336920921068475;-2.274062254119226;1.1907910090899454;3.1847183182542627;3.925135542489774;-0.1300211413136956;0.13637828809283126;-4.1571069503999984;0.7944782632812772;1.0034865970855604;1.9617382597524093;1.2493025647326732;1.752574930480351;-2.414429770989993;1.0961218808049185;1.017679057346569;0.15311320547808635;-2.1615194300453338;3.598516543240319;-0.8828009499260324;-1.0862944485319967;-2.110343598315342;-0.1702564276515951;-1.2751303646440624;-1.2753995402730107;2.7139687030886126;0.5951551238736476;-0.9595672673537211;-1.4927205465762727;-1.7121571254330388;0.1407764915815078;0.018388886675367363;-3.1925926908461864;-0.3330831054826675;-1.0177928082519045;-1.0445084101489628;-1.0115861922589193;-0.1493058388944142;0.873540537143088;0.48999067496674203;-1.076892979454276e-14
-147.9399295684621;-26.232534405780378;-5.519194153552831;-9.459383292412515;-1.6188317155295024;20.52696105025705;22.379486456082883;-0.6526231808902907;-4.240951024917789;1.8002107985659201;-2.1119445697666417;-1.131465747930705;0.0978808739087528;0.3362117806025129;-0.06726664126413924;1.4460262484840303;-1.1594187038505643;0.8942608792392622;0.09831400500477512;1.0414677537015127;-0.6074966151689299;1.7742218378280281;-3.4545616541830046;-0.8737009164483718;2.7076943914938982;2.354791242890331;-2.7035893023328534;1.353335357623637;2.322081073413093;-1.7632075183063909;-2.686835195235789;2.435392914677281;1.592220607198802;3.939580445252103;0.9470016412287904;-2.1581519557263436;2.457500973521404;-0.6980485316443902;-4.229230382214611;2.282868059949773;2.870652639559939;-3.96364469245403;1.5583444201318908;1.310865511396758;-1.0829244772279816;-0.377106084348361;-7.542508302968001;4.6755177687849665;1.3756261675226285;0.9638314742951192;2.1905658168912225;2.3798911131958094;0.3682222486478447;0.7568213140592058;-2.558200062126229;0.6520791212624948;0.96438974168323;-0.04848221137739601;0.9684775411970553;1.6692603391820542;-0.17150071449686388;-0.08263684373985095;-1.0679887792554525;0.049763673591516684;0.786494038809897;0.32196633058567187;0.043886938820286894;-0.1953516416008501;0.18637284309517071;-0.9680196670765835;0.32715971699969953;-0.8406642060745954;-0.9146451892075477;0.9794954322518387;-0.3561373743696529;1.0737349595607482;0.5146319169883254;0.24001401886982496;0.3005938274696821;0.26620292716593125;0.44962375738607474;-0.7333662907124829;0.06922028627436218;1.7952676607316104e-13
14.97744016145894;21.507982619611965;2.233087894274052;5.713758069855424;9.310792893468324;3.4718857901257296;1.750713491992493;-1.4168420697212305;-3.496527686384506;1.9505479344273293;1.7750283674681606;0.06343236524093132;-1.0148268983936264;1.2693832278163566;0.6557984630636549;-0.6384455843036324;-1.5211253136211202;0.7358466836063731;0.8927673490764297;0.9898319316864955;0.899018096209463;0.637282909115243;0.8642575443224766;0.33410171527744564;-0.4837761311697591;1.4031633077499357;0.19638631526532374;0.20890836551034675;-0.2119438507796288;0.4194906127945054;0.03619206324643301;1.6684411468338831;0.5711521609574669;0.0799498465114354;0.45931100407362707;-0.35145251410328804;-2.279834469177347;-0.14096738691636015;-0.4478108801526724;-0.06246665799970934;0.23957006825166582;-1.9112573258235772;0.4843626234720606;0.8197965176280427;-1.0805295457330095;2.206247909413979;1.1359790872797402;-1.725696696838216;-0.11600857338938438;0.402541699648449;-1.1163926005363045;-1.5297031218251804;1.1074196755638173;-3.0462106322353226;-3.0849333656011275;-0.68711386842062;-0.765172177711333;-0.19594615894420425;0.8580959644374117;3.1488529856251337;-1.871608065369451;2.2973613633058974;0.07710367195504023;2.0849501929844667;-1.322990231796031;-0.19261623460985236;-2.196973879101771;1.6547876609490186;-0.22772773718602496;1.8407383710041658;2.451685445964328;-4.605046701344424;-1.4888371403387575;-5.566527336632764;-2.860994703455776;3.2382012157595716;0.6944552915209968;-0.2807530452418607;0.6777725053057497;1.3476339711525542;-1.9244320423340446;1.5571180809980398;-3.863481746760395;-1.8004094237426667e-15
32.858545896930956;-13.23343171700041;1.2493051618956628;4.066104525641171;-5.804857751598284;-4.596907889443989;1.2552629971213316;2.0181122217140715;0.07207286921944422;1.3710103562390432;1.9332272408573985;2.5005944086538308;6.081615083998301;2.751868336021535;4.81964327039354;-3.9426114363881903;-4.739631133329535;2.753857711388307;-6.351427676750878;3.135350865380675;3.8611090369305283;8.15185286093959;-2.5038798091410106;0.031050352535464936;-2.6592809985828105;-3.536056178513435;1.0808071457808164;-3.084393937890005;-2.7868958942606237;0.5024509302117484;3.1574405835037296;2.8283292123655146;-1.7251581961341615;1.6086874814103291;-0.934526511942314;-0.9297245412600293;-0.4543904415185444;0.37779238672934334;2.4480475858792263;0.3779653762114889;2.933513416666236;0.9088937376036896;-0.48717091729285306;0.3892857898963781;-0.6582270963364311;3.2785736095982023;0.03958425775264546;-0.24575252175769025;0.9787620602180964;1.1081849680042428;2.5305388383188645;-3.312227412928368;0.3864171801816377;-3.5281045246832305;-0.04470840456009987;-0.6358645130532191;-2.2392987372523248;1.206670895659381;-0.7308218740960096;5.396903388526093;-1.1070613471472903;1.2223682292247988;-0.9437882001215789;-3.4736325627644358;1.7297344813053406;0.4739103945624836;-0.22902310647220206;0.0488199117630882;0.5102701965777151;1.5695109915672871;-3.210489394245095;1.3617715109681325;0.5652399031000389;3.3527058713011844;-1.045198265792246;1.1090133988211652;-0.834068128423133;0.4710210964692156;0.9237969263766594;1.3582105883347375;1.5601382092204112;0.1001431405766034;0.0057493882623932254;-3.614099535417954e-14
29.4763313271566;3.4125702266382256;-11.41282540464301;0.6489107105783765;-3.986605525124983;-4.409182677983057;4.0383983259493945;-7.6748961964585085;2.0091319588162073;6.575069920359553;-3.0860720203828134;0.03710501127526535;-1.5543252560792942;-2.0359911831861828;0.35012721326509705;3.8872304032754315;6.043689077412192;0.529495872211181;0.6340044298112322;1.3190331005705693;-7.2313078000103275;6.076630802510577;-0.9420551252596107;-0.43044880314469947;5.579089944550398;-1.761979170912079;-0.6470865308656271;0.3385132077319372;1.2959678083029256;0.7966132670954866;-3.081757133635087;3.8276305049298167;2.3273266677302993;-0.06355906367255588;0.4059022898221513;-4.973852619096781;-1.7501681662324884;1.934826267854723;1.8415918555244144;0.40224064909070406;1.9079315892940736;2.7804776627697185;-1.6860840650077047;1.5830179154505517;-0.5540245307353975;-0.22829552180748924;1.4473080684409934;1.250173236236714;1.351675656037562;0.31411837111695856;-2.547278178905944;-0.9336816437885134;1.111907068520231;-0.5954580715548561;1.1714490508431865;-0.3416057905515882;0.7737693537129806;0.3750446992589516;0.6775548801874133;1.6885363686838544;3.482858300046129;0.6342639231682103;1.6576308213144952;-2.2217669753720743;0.08884701329949397;-5.868966702320546;1.1528252169057116;0.8525916529582918;-2.2770140055283736;-0.1369400344250563;2.4314228667104945;0.46883385391436244;2.976159716409963;-0.047427187162733093;3.567784190027671;0.5953860685656793;0.1701203559293914;0.4350712770896105;1.238488829273785;0.41390024037471396;-1.4592132163195626;0.735165362124826;-0.3273675770936039;-2.7973917229280732e-14
29.11223305754843;-21.211602434718444;23.250847608240935;4.656218395519727;12.439028362019474;-5.952014921077324;5.739210442146933;2.112560170127049;5.820467372282836;-2.2060557107358436;3.0893741179120457;-10.343725627610109;0.7209615880809503;-2.020479564011366;3.149499823055813;6.684165336352254;6.19105129292923;-3.0499701545810973;-3.4582776927838426;-2.092158511985666;1.1733650805029876;0.9341988489024639;1.0567947339660557;-0.48906651652927025;-1.5414863624293516;-1.8127178681699792;-6.377900271899792;-0.19312538579715838;-0.44619963828127085;3.470926578691404;-1.6783659855933148;1.5899579089885627;-1.7202369501731198;1.5644305951398183;-2.662159237429675;-0.7044071997747248;0.0804931742890158;-1.695235690509543;2.7412357204741933;1.9410232123934243;-1.0651764287137537;-0.4420364914153175;0.5471645695562819;3.115341902597761;2.3288738874804475;-2.533838908545735;1.3317021131146625;-0.6356718167314699;1.8741119242127426;-2.347883062073719;2.345322212991017;0.757700899835439;-2.5139031418016695;-3.582708449461307;0.16228398877172096;3.336841040373775;-2.3793830200017037;2.691800342488642;0.2531379069812954;-1.860205484093638;-0.4774721617107983;-2.574198675641983;0.6913902679663205;-1.1194356981883353;-0.823068657478457;-0.17341714593886984;-1.148113395415952;-2.7724628628210337;-2.3628960234075977;-0.5767009933894752;0.29854626730550243;-2.7165901255228833;-2.6116458751679454;1.1146526970065436;0.08539259177080068;1.0870142373308074;1.9322999091490578;-0.7778587743834462;-1.1906033926093642;0.12228168694609572;-0.704530157154036;0.20534984189375652;0.3406167954090436;-3.0077769630225244e-15
32.07131412525007;-0.9931020134644607;-9.69890695694261;0.7234288213091116;-5.714308661970807;9.228928132403839;-3.4621889572672164;3.3681535585042424;6.531832661691996;-2.8010139121203816;0.5139903352092514;2.6239020061399647;4.17683955888836;0.722868581412483;-1.77580753524;-0.7083046407542024;1.8909754680708537;-1.6375166648556911;2.0750817788819926;-2.1519454110103178;-3.298960833517981;-1.9460142683997779;-2.060139181454029;1.7576650040752424;-4.029674313496649;-1.7099593025616235;-4.011719590419521;-2.5466228206820016;-0.8706217435544429;-1.6558450844764914;-2.7029284990156826;0.29745922868124147;-0.9045897122296305;4.215477447680851;-1.0305646378261921;0.38109131565408483;-1.9535365699022433;-3.698890515179702;0.7344346767484705;0.9023374652444244;2.287096061531302;-2.2507944293349604;0.327227219739539;0.26382433559971785;-0.41733664854601144;0.9549012650040123;5.267324587131198;0.8607341567995512;-1.5422327237827609;-2.5897988507206495;0.9751705088496521;4.082459079819373;-1.1439950722978702;-0.8565454269217172;-0.4711964942796326;1.406036941738429;1.3858683916837713;0.4411766744568464;5.009595501083919;-1.471747500142664;0.055332894912298904;-0.12265283516056662;-3.0717282364650855;-1.1949224715051312;-0.47640513510401145;1.7637248092118736;1.2183217233718941;1.4094537657978048;0.64987693562201;0.7094268748842024;2.4817957212311224;5.217838158185162;0.9627454314866042;-1.2415409601040903;-0.8065865082715012;0.383718460039971;-0.07145736728560408;0.7343459059812318;2.7223663413041455;2.228913455810276;1.0408125612961245;0.1054340630610593;-1.0757822861237356;-4.1126590624136883e-14
20.42559648672445;-1.1415371881637073;-16.27956471634122;2.480449163201405;-6.382332548662695;6.247312336026778;-8.390240081883574;3.5529714190798556;0.5857412785217129;4.030779578122096;-0.26612871067154326;-11.280758346588796;-6.27401895905593;0.15346064859175507;1.398982279664775;-3.599490102182862;1.8807737010610461;-1.4568263856018502;-0.3071490315585525;-9.138554698572742;-2.1287804764499763;1.853409163972466;-4.604686487025661;-0.7802817171321199;-0.8835983777126301;-1.463100642511372;-0.5452199925958297;0.6278984325610107;-0.6801747580809013;-0.633100708233306;2.0974484374233247;1.2773522110077953;-3.7590872450515023;2.880948898239541;1.1741309900010284;-1.4488347430719184;2.0786459886215773;-0.9988309360128297;-0.7676219167345374;1.0657597246650887;2.7393237376790296;-3.232697435862379;-2.4058408494797936;-1.8385829879562214;-0.7834311882619273;0.5649034492445139;2.653161899958902;0.20128517911682917;3.6631944394092244;2.76764496280946;3.3141268190025546;-1.3955671842958264;1.182277788170631;1.703343557031644;2.759434424015577;-0.8808372774607551;1.985160148123774;1.9532879338440163;-4.243685031083152;-0.7749689464273143;-0.5378462770834928;0.9192704545580177;1.700766650628896;3.166059992748452;-4.6947162357301;-1.4510385450460643;2.036856600329888;-0.13082382546110005;0.2996463085360776;-0.8029575982116144;-0.4762913247842835;-0.12413067195084555;-0.3141508448412789;0.05855754308694055;-2.3210058754289324;-0.919992723134558;-1.4858250969772626;-0.4129604135682919;0.208255466433689;-0.14196730467118288;-0.03414508463244328;0.5858172776231599;-0.23392301081048922;-2.532716288580912e-14
-76.18797713183135;-2.115421273131159;-10.148517846695924;2.904883741174031;15.024107266729475;-6.84093380059022;-6.933359256456994;-6.306272805103454;0.9431163350224243;-8.108898846974437;-7.294387434235059;3.2771941203189745;-0.49892298788127254;10.304726361830475;1.6519057373689034;-3.297404081783718;-4.494290471474494;-1.321529344755605;-2.396621370921463;-2.2994055195066068;-5.3148369891113685;2.9533467452988944;2.0549152402985484;-4.353258448780122;-0.7786178104129566;-1.3594062087587102;-6.270432217022534;1.415276216701732;-0.1476655863895141;-2.3645739735945392;0.6537017684621238;-1.5628292565692474;-4.201898313859911;2.9539298730874357;-3.568447265590562;-2.0961296805126275;2.777247791877411;0.45965998526795854;-1.9324080380613964;-1.0470073651896037;-3.234003193376807;0.8165984296369232;-1.8231382472873372;-3.036678768071176;5.26031948456939;-2.3531441729410596;-1.2701108752178227;-2.688107226239148;-2.868996816114819;5.063393611324834;-2.4922822020676967;1.347523697599232;3.4328515086913054;-2.5642924247361942;-0.8843808299885634;0.7453697831168131;-0.606912224838417;0.543456951446877;-0.49247572465212347;-0.2735233224161411;0.4936809392035714;1.480004492561136;-0.36396978271011704;-0.7321352206968105;0.7850787057649227;0.4064823548805571;0.0014651949311818178;-0.6399421597619156;-0.3134874519640056;-0.4913524207842637;1.905595825477759;0.35946388648783406;0.037969659657819815;-0.13146253730708862;0.09226202524048482;0.5676031970693421;-0.16326341560439367;0.03946058452132971;0.09913752277794532;-0.6155896482153774;0.29102836150442857;-0.17927456616498408;0.16107846969536288;-1.1167916194017425e-14
15.460360499267004;21.437485799654045;1.3845710293127178;6.135588205306398;9.753020880691015;4.297177337452527;2.6911584839357126;-1.6599239059560171;-3.4275176334557753;1.7424689478149198;2.19414426983184;0.4931614996912075;-0.4438753402549455;0.5951200069069517;1.3721648088503204;0.41055614119098244;-0.1771300247276946;0.557032132876937;0.13727348486969737;0.7939510181042378;-0.4900685719646518;-1.0275575410488151;0.0935317460101512;0.32073120889802564;0.31687221499704604;0.804156839607138;-0.40048105976690923;0.5882810250819845;0.32426710303745965;-0.42111687475401766;1.502718723707953;-0.19728333033247053;-0.35641351825594786;0.2872660413533597;0.40466835450325606;0.4363750911770715;1.0615201781100645;0.6503525753553083;-0.24162438634698202;-2.4491570020549602;0.1979284906328728;-1.0891711348809416;-1.019609499449533;0.8466020762532309;1.6358186392559422;0.5826177348916498;-0.41506385119134565;-0.4587345940892504;-1.0523071688504018;0.011503781672967364;0.2192306123661436;1.7260898851351378;-1.819729228785748;0.5319543545076587;0.1130371976011733;-0.6435366482876487;1.4390095587718936;1.7901530642028556;-0.41244187724762404;-0.9714470808684346;2.20662516283838;0.5758866175098872;-1.5970035286009017;-1.4482727189368716;-1.7743485821434113;-0.19759648256741547;2.9405816814945114;-0.38362626229602087;3.17401391415246;3.0637327637679808;-3.4536780932347964;2.6528905794840845;0.22873687968274273;2.111020016735735;1.4884760663619954;3.3900386477178728;1.6948439788971528;-3.4621838982805704;-3.039720136305845;-1.0398766136234088;-4.589638884705941;-2.451037267465559;-3.1315018433229036;8.224924719342657e-16
30.056645142315784;17.08514815500028;-12.57901439689665;1.5061475089564942;-20.180645377370915;-15.195737010418602;19.363361800829086;1.8546150754810091;-4.5948050222144134;-11.887103911481047;0.6676958985701483;-2.129044339889108;-1.8513882132662784;-0.9138074062570125;-1.2279097361765827;-0.4856359614301945;2.808319821095517;-0.9081667776810582;-1.166530863478891;-0.9370262102446237;-2.064182242025006;-0.2217686705585192;0.7776688912127715;-0.09731562027991073;-0.008851310772583552;0.8174890571025866;-1.0052753721699945;-2.783354144157506;0.93822870376414;0.44454707091806167;-2.644136948942416;-0.6456707104786207;-0.08581418944863009;1.1104706512176512;-3.5292337027608873;1.1606663438655196;1.0462382840701676;2.0063419302010805;0.9380559377810045;3.6141585040624205;1.4929081217168294;-1.4173063516014808;0.686152036856324;2.684695543143783;1.189517447009491;-1.4033326660055374;3.124366833170188;-1.7957799423958112;-1.3104158347951733;-0.31346469635592533;-0.2030182946092037;2.2031537464653708;-1.2703792410706043;1.746613429255981;-1.228020608937971;-1.7861816577781964;-0.12319843620455503;-3.6614502993473272;-1.6921641029869818;2.00544219094229;0.06595216328915021;1.720619775589821;0.8607728653162695;1.5053206665065086;-1.4373958539272464;3.858989750684559;-0.23055947734263546;2.14296169878332;0.05620731051964837;-0.30606059539125735;0.033226844230843204;-2.715850810832574;3.7279920289523574;2.8309868862433674;0.7340803963583397;1.3064993262803128;-1.5805457097763327;1.6086570141621481;-2.516485377773418;-0.006794330122790524;0.4754797242092028;-0.1938557658426152;-0.2764157465733438;-6.57436842963084e-15
34.90627954115675;-9.089478629936286;0.5676672305411895;4.840370869388818;-5.291430897824126;-3.092897253727564;4.3625045952608446;0.38380163761179714;2.5173781107008106;0.1500487830300581;-0.2752974683920584;3.242307905812002;4.658955146024986;1.1774429833920197;6.702042603239822;-5.4169149885288554;-3.2185137917750315;2.065928456067495;-6.484923042650682;3.6069415098784585;1.1928458262874304;5.348179833544117;-2.535134061755101;-0.7840552678810491;-1.684822771869699;-1.2369757604891858;-0.4760887526972582;-1.2966923764523508;0.32791950175482076;-2.0681123715047276;1.1120486064886228;1.1919189627669455;-1.2226333858876468;-0.7086919784735121;0.15296871991724434;-0.42651817438120887;-1.7634499725772192;-0.4304122280666292;-1.8880794470997815;1.1947591273069182;3.175113182078962;-1.2750106592259345;-0.8092592701863291;-1.6274614658925237;-1.9248032307585246;-1.0349935159079215;0.6515371813658081;-2.6693356377173965;0.9660614624804924;-1.255507705156617;1.1846760115459243;-1.0721084438026895;0.7709666531012491;-0.6769783643098591;-2.525406482098632;1.715234128938103;0.9377977685304143;-1.9206525598652955;3.2592888305683174;-2.7135493012218923;0.19619986156555935;-3.4891572571247096;0.10739833776381516;2.6918347850880453;-0.30599096516621105;0.414197674011454;1.2605100158526819;0.06874054257195078;2.5458090993991545;-3.419580178194783;-0.8653283357242673;-1.7434404482587684;2.4022207043469144;-4.016905763001104;3.5025414456560258;-2.007729139697863;0.392740447127321;-2.3955247704370857;-1.471455614578721;-1.8569315714075034;-1.3007524477797232;-0.033731062699747;0.8595173581530549;-2.850907942161958e-14
26.923749508376883;-4.924690814453919;-0.9618165341919642;3.7864386158097076;1.49352050865095;3.185536764337983;-3.950431543074392;0.1988713581982646;-1.7852016398662667;-3.5911886264537847;-5.370460533383886;-1.1858825137426596;-2.4495319302900933;-4.0638390143980265;-0.060072551580349146;-4.608830463615922;2.3058086855515536;2.7180282876416277;-7.777508400402308;2.779180887303031;0.46216471545161375;-1.8113852490710884;-5.150182450385293;4.123745192063162;1.426084183326356;2.100488035124385;2.239988472829225;0.2619731538206221;3.6275577221772055;0.9404303591656182;3.558979117778233;-3.331889543057352;-4.750154227721372;-2.511397564666465;-4.964640110365859;2.0697568565730253;0.7850225878613185;-2.10029897993819;0.8184331896628164;0.4260503752559474;-0.3890821901122849;1.8422212107569222;5.595504840103534;-3.574251885219437;-0.7507263129628035;1.6649868436772168;-2.4151569826257933;2.857017045205724;-2.4855426644548437;-1.7538100170686832;0.3763595286039906;1.655009729535015;-1.7069909078002026;-0.1537653949197249;0.7966018893599457;-0.3033807713972568;-2.8289939982864154;4.011096728950444;1.0429538503599074;1.9704763853878622;2.9826541124707293;1.3730055918393438;1.3663075850185513;2.063411756315131;0.2702663488616598;-0.13419457597524495;2.9815586930862303;-1.456576022387877;-2.7708784011096332;-0.6536600502554284;1.878343813779418;0.20382991715634852;1.6883609675376916;-1.0926061331890753;-0.6393130642931287;0.29394173067676543;-0.357917547253434;1.0801631002810517;-0.5117167809363623;-0.38930252117562053;-0.9910529934696629;0.1262450975640533;-0.3770917337178815;-4.9766435106347995e-14
-147.26354441517802;-25.804955134578385;-4.544693263253992;-10.557298454108036;-0.888311228809862;22.70438712676022;25.315129407518207;-1.5089717467890265;-6.542789037974079;3.132971788248302;-4.4512601362318005;-1.1370066950305766;1.6231876242722032;2.7985427893486396;0.3023627167095449;0.7556321477250932;-2.5724175384936947;-3.3640644870984375;-3.7204172147606402;-1.5070646538267283;1.7292570797044267;-3.2707426615544812;-6.901246708166326;2.4422258834479122;1.0253575567609936;1.4910381068642795;-1.2297624168268997;2.1185098767183512;-6.495309760302256;3.8054588043288966;1.3330658998875289;-3.3657941772097435;0.14141765025636635;-3.163776921684092;0.3964809289585547;-0.439706900322688;-5.584618001443738;2.055868577369525;3.7225416706129177;-2.6179322201829938;-1.8187516610954502;1.5851641222097266;-1.9056942967077715;-1.232717080248862;2.10328510786028;0.6387788531922811;4.85950558128141;-2.560483127745662;-1.0123970434252714;0.38086669525984085;-1.0626048134800996;-0.5759286260631165;-0.8775345250626924;0.4269085126736677;0.7797070453409115;0.10435616717043342;-0.7698251350065867;-0.5591686893707686;-0.9761931637355697;-0.6944668518647006;-0.3109260603926768;-0.09702018600305826;0.6375164357797803;0.013504605158930438;-0.11709134912083535;-0.1418335478372809;-0.5332342944424754;0.15724771525185405;-0.2817114826975482;0.31644970552337415;-0.0176695484022373;0.6827802721063622;0.5371852634538989;-0.43377413483718325;0.2739115892113656;-0.7170201426959545;-0.3273466584310755;0.08453951472618929;-0.22999563182964594;-0.15542130348702365;-0.16799978972958954;0.4414437370155267;0.01032420482630665;2.638482047934417e-13
27.937440071701687;4.641073372822162;-12.510999883368996;2.7340021362973483;-4.587217874209479;-3.1017605753604984;4.525436002022598;-8.577460961172678;1.648279797813655;5.103750683067886;-4.718617708192195;-0.21075726995074864;1.6610138179643341;-1.0860834298085673;2.9595049622906378;1.7625624387706593;3.1329906593074472;0.1942140845170215;-1.7329849680653957;5.586893235694445;-9.93551952707993;-1.7844447542648736;-1.4130209201405297;-1.6530447133753783;-2.395698175361933;-0.5577280691522896;2.139068784401533;-1.7804093020893148;-0.120265041036062;-2.1419421810467436;1.2309218050378872;-1.7840133112240646;-1.1938538213507772;-4.98896983201706;-2.190811004033881;-3.2945436049900274;-2.061938552629556;-2.410385798920981;1.5851580499068405;2.1837085527405438;-0.4253472642262384;-0.0910159969250357;-0.2309459134899732;-1.8323788566598944;-0.5257659315225607;-3.035606894682154;-0.32378485912873683;2.048404301373774;0.571821360467902;-0.7848634021687718;0.9248188698377218;-1.6618253489340242;-2.308964892187514;-2.050363266070348;2.9638517017012767;-0.023857974747854956;2.415863591602084;-2.2868393945321124;-0.0032431691894327323;-1.5647274666198263;1.2439239485835207;3.330093650565927;-2.9874730103953495;3.4462372709916957;3.00628176498588;-0.07175171550915435;-2.9805674781517717;0.13151853453509382;2.468014475159659;0.17431930445517224;-0.3504020212491589;-0.7321932582268611;-3.7658522967197468;1.9172469539813166;-1.8353838798644757;-0.2314063828887647;0.15001490410932453;-0.8567993237031939;-0.14917682645543245;-0.38668229955339406;0.7623167381951707;-0.295082976483845;-0.5064217488641148;-2.4594675898077912e-14
29.276964164332288;17.826534856600766;-12.725921819287064;1.2876003802731422;-22.224038243198397;-17.801167206267536;20.1903635775857;2.8437861396437403;-4.885762594834594;-12.330465488304123;1.014439395240688;-3.413235404495596;2.234373964904832;-1.5014303213921665;-1.8348829400694942;-0.7633035454810834;0.636452454378983;1.8874523491548827;1.652976319416514;-1.920248498322534;1.4813631642387322;-0.2158392412592563;-0.7766024666809282;0.032948378603729296;-0.7246213663172966;0.7241813366933579;-0.10871300246602264;0.6521425621258299;-0.8554987757027811;1.0287215429416061;0.61973917560451;-4.246876793745322;0.1728750412530195;-1.5790798181737038;1.2507564922496097;1.8046732415867255;-0.6196256164078653;1.4778807763307062;0.24778958270647455;0.6685879814219862;-1.2713333445199733;0.9260879242729655;0.14676317173993547;-0.29461454243463236;-0.4475082015032494;0.3191830026993576;-4.047149355351713;-1.294885110085465;2.021969660735949;-1.2924495634526063;0.09805615742734237;-0.40923384920031797;2.708113016689227;-3.646367989833435;-1.852165288041623;-2.342388940398695;3.6729155665476814;3.270057987068785;2.8283462597366915;-1.5781170857040083;-3.0343627393060983;2.1118497704403327;2.1564727541112827;-0.9644343038286042;-1.5709248090264782;-2.843267214494541;-0.0901818626571985;-2.273209052791569;0.48835052511116356;1.355610902148509;1.0284333831641663;2.455825254730625;-1.7880573541856715;-0.13788228155677854;-0.19907161162050735;-1.7028592737488206;0.5926254515810606;-1.3997580203320736;1.3315943357364035;0.1098536558943892;-0.24245399008850718;-0.026838699358404102;0.7974868439868132;-3.303930977913301e-14
16.280529474722382;21.79066834868944;1.9817926347772326;5.005828751591057;9.563376282693818;3.1360913801417567;2.0648353954405017;-1.653467446830239;-3.0551604401705084;1.026930407231266;2.1277615955200386;0.3441938112334496;-0.991932127195835;0.7929200753389302;0.5711966089630939;0.05813964768320011;-1.4208834193618824;0.31078475484309553;0.43067182098553675;-0.4420678672553469;0.5832274679839183;-0.9437673003266833;0.05736759649849825;-0.9386843219792758;-0.31361502748638076;-0.39131659654691303;0.11576347009263435;-1.2305647516723612;0.2021162978914471;1.6585483089558632;0.43486174886537127;1.6465152278377178;-1.055333909557957;-0.8409766982772636;-0.7509548277132808;0.12070069997723404;-1.3475045038103837;-0.568721327073466;1.5682633121196827;0.9452701636726167;0.036201944400512165;0.20089647207666614;1.637213253355018;0.18577990751392554;0.40230784400271286;-1.2310378709306726;0.6149073132370357;1.2601210963125884;0.8244786602959404;0.00544289084092739;-0.3939429650799804;0.2792382410004692;0.6474848584331175;0.4996012504128574;0.020548757738297792;-0.009532977948205274;0.16970203897585276;-1.6773450528579985;1.1046228570115861;-0.07863355487303825;-2.3294123167195084;-2.3238515330248806;0.7012095862851554;-1.294444482268675;0.03318699301221829;-0.7247476176824297;1.3072464658675245;-2.0757209264135983;-1.4075208111831519;-0.002222610108680858;-0.15857290843127603;-1.1274985427945217;-2.062582595033749;-0.29042735336149744;1.7237882250932732;-0.0207600137469995;-6.484127706270826;1.1630564588616088;3.217263365481809;-4.149886220901764;1.5385135783210808;-4.895532603300699;-2.8647361850655;-4.353922380380527e-15
21.95144197093068;0.8562313667319222;7.315546897692507;5.176014759192397;3.732799743863909;8.62861866940709;-1.744486486116149;4.666457330490269;2.92478439764215;-4.83908259045062;7.0687917628959385;5.029952783330863;5.503389165927723;-0.8277672565864854;-7.986079427408006;3.116261940877004;3.249928024345523;-4.209237040087046;-4.618119503473049;-5.557317741227497;-1.04661749803139;4.684561865374131;-1.7150595685793368;1.0505834100865534;1.1493963877939788;0.6244285054560675;1.2273648346842965;2.7763869333193907;-1.0894879027967546;-0.2578305919702129;-0.4040495833009039;0.7480682245258808;-0.2000470684847873;-1.0807384078908069;0.3728193416623355;1.894034594424788;4.898687758113757;-0.5299110281836391;2.616850087608624;-1.4258935609704526;-4.029483481771717;-3.24353012792019;-1.4925755083670003;-1.9192634447601622;-2.552326038683442;0.9049649704560276;-2.8765267643248;-4.54623026986796;-1.2706435829236418;-1.3622378396432175;0.7830772884869069;-1.794067054320516;-0.4310166873735701;-0.5513933516786941;2.7893270678669637;0.009674965342926412;4.191397069233846;-3.653574516277594;0.3495310260073335;1.443065198049471;-1.7963615562137407;-1.088952350859509;-0.9339031536607079;2.7653651315057752;2.8636804461957683;-1.5465706230858303;0.15558715248341834;-0.04409155486736635;-3.1398974056043745;-1.7135982259331188;-0.06257371500385499;1.1939529328446044;0.8764373686695522;0.3651806462184882;0.38014618667802275;2.9076206608518054;0.2750573940129084;0.22547655487353158;-0.26388630611727365;0.18907226362828733;-0.08266447901094605;-0.3877458234743136;-0.23435290781002296;-7.830308226238048e-15
-108.83984617094046;-13.347121620503792;-9.394057592968606;-3.0773741753128943;3.9635860754552605;-15.7799827508413;-4.295401147134781;-7.132746021707179;1.2832074976606076;0.7868249910449989;3.888075124916706;0.7062035255238364;1.3045388363568964;-2.348317537431765;-10.685287081068891;1.723051535344117;5.35298801876808;2.983595900021104;-5.1072372436046205;-3.237378230974294;5.396026005427589;-5.20115657449286;-1.812581240978742;3.3298718141068946;-5.33169409778614;1.8040278222855484;0.18956136766897555;-4.177490163505576;6.323735376466342;-3.0713815775824567;5.672598228201941;2.6066850645184827;1.1757224521471423;1.5482683635801802;3.235081631961991;-6.676625097424659;-1.6668152543914445;6.404416526685887;-1.9943087933133015;-2.0734233902958126;1.3816239846206706;-2.0802340496573035;2.89836191423013;0.6427694766734777;-0.12697201118038423;-1.210674448404129;1.6791029762219172;-1.0036141028118148;-1.6323510663494774;-0.11583288770605762;-0.577567049501909;-0.4494993489470342;0.6507049314295247;-1.796968365625489;1.473318737130533;0.5106637202140994;0.1475707493754762;0.4696136982553259;-0.6449606649686542;-0.41266092737469406;-0.4801627271157405;-0.30313761807278083;-0.44473323302498013;-0.11018146703060608;1.0769466687421292;0.002134688347111022;-0.21668506790481243;0.0599819476194266;0.3263267129986791;-0.014989077514373493;0.7079463264144886;0.15930111300758332;-0.2887792034517586;0.13111222383007357;0.29159837733674776;0.010049262966351401;-0.5453070526276682;-0.40074406760956177;-0.35904114693049094;-0.27190094601868087;0.027495599320054947;-0.06592866312689652;0.0047736501181417776;9.671106733002825e-14
32.02437091375868;-9.147849306538024;-7.736078540303581;0.5956600977017119;-9.328724623980921;-3.095760692449395;-2.6761333605213;-4.699765745646384;1.4542786900530142;6.026861038104352;-2.0544075519200073;2.7943692030654343;6.09604466436742;2.597483153059468;-1.6520568773621147;-1.1095125491003528;1.2366968747352727;4.877063120527027;-0.6391016576835554;1.7292356897891377;-1.3633573178576288;-5.622217871353322;-2.9671479540430505;-4.316432103533628;2.1509313094401468;1.0291254401310919;0.22935257353751531;2.3667651820533684;0.2816046098760267;2.5544638977894527;0.1749644409794207;-3.693865953065611;-1.3805299519278555;-0.7358741869560641;1.2212029540895628;2.767005912468343;1.1993440905912518;0.6087675593327534;-3.682490052437161;1.8054223958438451;1.1045590175289064;0.8711358395107992;-0.901740096950266;0.5415098922530445;-0.3158357625270469;0.3309788770527383;2.9882146869051347;-0.6885781619822415;3.0147552476705015;0.6300873035867145;-2.5778577532987055;1.5356279519226264;5.118683030733511;-0.2568085670756055;4.048564936147587;-1.867183149954322;1.4510024539761324;0.5709662005256049;3.5150477251245253;2.0873839413157906;-0.459086972972273;-4.942537353369689;-1.3963135460054357;-1.8311406067746112;-0.09088395608146434;1.5185226129265266;1.9856715058598977;0.8489305532171322;-2.455081146404578;-0.6923144552493146;-1.1196158248828987;-2.615709645067902;-1.9796512424839157;1.5029569883770386;-1.6199423934897978;0.24686018576762753;2.0235991223209338;1.1539332789088217;-1.8328231302811964;0.6871072056297435;-0.16614409262425517;-0.24725524178480895;-0.7068539194492334;-5.915730643343982e-14
27.80488957879752;-21.24502959278789;25.051731465608054;4.625872932387402;12.395813047879532;-5.729374707245585;4.645608152767375;0.5786797132836523;4.945889469785566;-2.158808269313343;0.8679165907372888;-10.587546190768172;1.0578639133130894;-1.4701215109602874;3.488790700546778;5.122864522187215;4.853356701153855;-1.4585290003073372;-3.926687736793332;-0.6909743137372143;0.812209970646017;-0.7836616980281207;2.2906915712359543;-0.5189343010328012;-1.73001965663024;2.061763341027149;-1.4380559436838158;1.522467084256307;1.0185389697741012;4.114113012779004;1.1443719818131948;-2.905920429801529;0.658543917784221;0.3578658424229961;2.695205502525489;0.5448423215295639;2.178899885181411;-1.7298526675573176;1.2970935646826038;-1.396182770203761;0.9308582855176978;-1.9562498611773638;1.3424437359821453;-1.8608133636790092;1.5864752136072378;2.967650912802323;-1.1538272827742018;2.9848938064768062;3.122128745329837;0.8812854635118778;-3.659791765303645;-1.4494087468851848;4.527056643747379;-0.6228298675506428;0.355569842132763;-0.5671779067057418;0.15805924645712333;-4.695828284747731;0.05688052830979121;0.45633868006568;3.940796019918822;1.5375432425206599;2.4479305692161213;0.192861520964198;1.0477780987269634;3.179065638369289;0.6363601102361691;2.6783652775949873;2.3101554993199276;1.4622587770164193;-0.4896305212735202;2.4091371054287345;0.00018163411064256427;-1.8163271830887726;0.8497533324772055;-0.8615521578304722;-0.6440537110953864;0.02314948820018006;0.6750662868031045;0.3969693836078667;0.5790866250913808;-0.27730576411860175;-0.3163575458374174;-9.60803261369892e-16
-111.07325204478381;-10.53619105520288;-7.818119463748251;-3.0039220289105892;9.825697337704293;-4.648967178069259;-7.163742249070042;-5.1402080211144945;0.7709960784934694;-7.358355531378247;8.104422291179812;1.0122445315034685;-0.7338195278628119;-3.827866289704951;6.842573045975484;0.005096565867429681;1.3404264723731396;-0.3239278742991835;-2.397281312122625;0.21541139287791616;-0.11444514008458992;0.6876064399539343;-2.114974365177878;-2.740466991637799;-0.13365216882574554;-1.9995806104337959;8.969732014886164;-1.4206912233355764;3.949070895982654;3.432299751652309;-8.448385540834318;-2.2040332206714077;-2.7137280710130645;4.884534717349345;6.09898414458961;1.770162236523802;-4.858868029957171;-0.2672650629433915;1.1280722751704253;3.6294084242612366;-3.757906819609872;-0.19006898883931875;-0.5096649108258708;-3.6696399948818548;-3.093290112728204;-1.5760261856302364;-0.16732501453245616;-2.0995381781365983;0.4993108774994091;0.6402943332922214;-0.6878005521664836;0.6029442872752275;0.16950537775156554;1.8963084124180887;-0.7257970550653297;0.47101888111962825;-1.3607431102418774;0.41385658870338843;-0.662134772801601;0.2887108589168723;0.9507794271015348;1.1972806449101467;-2.2055116125071823;-0.6544154569091591;-1.0448660933753726;0.23243590514779308;-0.44143923006354374;-0.8519475872369732;-0.8054952474115126;1.0105629752318788;-0.34867392535145725;0.24547101419679584;-0.5115337599477644;0.33748222105859876;0.6123828849546196;0.01614635034463009;0.05532478109329981;-0.637249927278282;-0.1036967945026584;0.2169905910029664;0.0435348592399589;0.09935339467568062;-0.3390025604037357;7.355597837268983e-14
34.9063426589773;-4.1578869034575785;-8.409228210601345;1.2196871319612779;-2.632936931764237;8.583633076868036;-1.2532351613452766;0.5767212661141259;8.976408683468593;-4.9452593101718145;-3.683868131768661;3.8089397188832796;-6.8915473109629;-2.5675329801697413;1.4682694962016651;-2.3226578908010183;2.7120812827051797;1.55499949454209;-3.562638207164031;-0.13669685218727717;5.2403540089184615;-5.463956751478785;4.302774037738607;0.15326266699597393;0.8007259173218964;-4.902441797513258;-0.4410211285850007;-0.20464378408779116;-4.242220893882841;2.049322864409014;-2.663060922187627;0.6674277908403998;3.3266414269304216;-0.7459422918112791;1.8964734323925363;-2.5342198396078928;-0.18075611017592197;-0.4033454755108011;-0.3867551644825316;0.3555226821876943;-2.650294515436238;-0.9224298704886618;0.45751029013721906;-0.04953348674718238;1.790008854560985;-2.1519333267518093;-1.8087103194560603;-0.8868522522031498;0.40971819194536546;-1.8599952727652145;-0.03180300053218691;-1.5072005021835497;2.0117408029116777;0.44858818401862255;-0.23262158039201633;2.655369400674569;-1.5471044930053492;-0.25976255740708915;2.681811115580101;-0.12901443052596837;-0.04951680117235111;1.193150708872073;0.513351547065109;-0.7047023622551756;0.389673691945376;-4.428164189777588;2.0730639533377895;1.7816717095920136;3.6414434677348475;-1.806606926626374;-0.5855242984669512;-0.4606209870250299;2.29897303824908;1.087202349106209;-5.052683864823972;0.8217958671520517;-0.642271284703258;1.7746906996840477;-1.6900567621293716;-1.224158734751151;0.26618527968629546;-0.5901453673680777;-0.3186379188628891;-2.2984852512371435e-14
15.954654270254517;22.46674313504867;1.5795670142581422;5.021311311502013;9.684713796373355;3.3274967261547985;2.3174918656442935;-1.1128909748023343;-2.9286111355282185;1.7691523191283103;1.2932473911037417;1.0935602234723878;-0.2602145598978016;0.5703478357499789;0.7056117554977694;0.08466591249448523;0.19499010647961604;1.4947417199735096;1.55765528365009;-0.7092926617495928;1.4217947604161805;1.8621476790028408;1.7820174212401603;0.8318522481599051;2.694087073725397;1.2107871314769325;0.88682865096817;1.238316400320889;0.5852710461423731;1.9858502149342063;-0.2603691842480849;0.7211393816135554;2.7993996591386683;2.107845597372956;0.15442606176720197;-0.654973683976804;-1.2542990823666973;-0.6165661251671136;-0.418417868043426;0.4338879081497007;0.8087945088181899;0.668481006479577;-0.9277580530180248;-0.4713766705591856;-1.608441577168165;0.6540477171745808;1.7667513493800342;0.6168704491686832;1.3813949172473676;0.4565376284027137;0.703379589594277;-1.6259392584626016;1.0104257187789178;-1.474233462950136;2.4921701782127803;0.6666692748773919;-0.09963473273261578;1.654131671010114;-1.230465224646663;1.1746126009354094;-0.42582041944173876;-0.24041583924445195;0.0757427004619447;0.8100299609472935;1.272880026874309;3.881145446570237;-3.5287206016177124;-1.7467974442545973;-0.07529539997420635;-0.4309550394122843;4.787297806994094;1.4402374411332068;4.358477887322204;0.7412741754911609;-3.2160603725631276;-2.2490158792165706;3.422575868121588;-1.4858764875841843;-0.38829557941394793;-2.4151068951715176;-0.3592876735597268;-4.517803039670143;0.9289032984792827;-6.546612854015211e-15
-54.58681278759132;9.749965466223202;-18.93619034249226;-0.16864821959327483;8.370154105895097;-15.764846973009439;-3.4265841822303367;-10.127961282831874;0.8932883224030306;5.191855719389792;-7.3530188668403875;-1.2313706184369662;5.429304394378112;-3.3893812421801774;-5.09549697741237;4.260691891485714;0.7407294162303457;-5.566020343041514;-2.5536203790096526;-1.4928451721272882;6.990423327631287;-0.5962309022215101;0.488466278642076;0.9454514313777124;2.4497337413350437;-0.943932533236068;4.701021184171047;2.2860268103023413;-2.857346841945688;-1.820986459683953;1.4859322791390759;0.23746911070597868;2.402074383123443;-2.5711936917686016;-3.2095201942994214;-0.7272056862627825;2.0134792413328473;-8.067054304232057;-1.5609421167674022;2.6616137454316693;3.8550016449696565;-2.6233088199016836;-3.5292057296767894;-2.802289535134023;1.395183366936809;1.3681498154572629;-0.11385745029619147;-0.8670684939816399;1.7542541062636354;-0.5536226825398168;-4.104063259151676;0.8202179499310698;-1.9176543429629118;1.3572781244186078;-2.842033316568118;-0.04019213693563998;-2.742212419778541;-0.6992684652707947;0.11403786503337085;-0.1328550924657777;-2.16154738901449;1.0743681664540945;-1.0105709069332531;-0.9527271676575424;-2.1853619101321886;-0.3940281921750645;-0.6608371962311975;-0.9194420881768908;-0.5965683817191787;-0.7960881790536207;-0.23563479384912636;0.6729441295184094;-0.033926830564280724;0.6888031143438285;0.72470876222084;-0.02072861806087777;0.3728993848962027;-0.11878240773743301;0.23334766099269164;0.4997528260591694;-0.2062116920049796;-0.3941342762242815;0.2727599267780813;2.545903527775688e-14
32.684600937024314;-7.4860523110036485;-10.228215733486916;2.7935622850834543;-11.975346600477994;-1.8375862240157579;1.5568020579941586;-1.3684505446717117;2.046821762708678;4.558629409237368;4.306548660046448;3.458689716983772;-1.384051759882515;0.19817091710851334;8.463493154474822;2.1203684218107988;1.4552340324819573;-5.326824358913736;-2.8963098531883085;-0.43184996280554727;-0.2614742056476075;0.034131389308358594;5.794919184321286;2.957658439528446;5.208908906432539;-0.10301794279355217;1.0694892193727112;0.7504192540850624;2.9574354095208006;-1.5934515528688062;1.8911072407282066;0.3428752210659845;-0.42935756300219646;-1.1480496586994382;0.21259051084425565;1.4766641304210584;-1.4365694633795014;0.5832057780368667;3.894135967489204;-2.985902250207512;-0.3621000394442994;-5.131091168680708;3.728729516525207;-2.6289448769968566;3.2726016963981857;0.2189737483514353;0.1278998199183755;1.565196497516245;-2.061552618501113;1.784511149503244;-0.7469758769229183;1.5088108655590775;1.1896792391711017;-0.19838767750721087;-2.3334260287228608;-3.105957752523569;2.5129145773021815;3.6922156832091617;-0.8084392608561225;-0.5984504710407348;0.34797248744595566;-5.313403384647798;-1.9732470249599972;0.5347990102115767;-1.5940880626388745;-1.2036495434605268;-4.454151070043602;1.1703830346978243;0.41555971088883253;0.23317969006991351;-1.446266845373528;-0.2090594871001974;1.1261267109201278;0.33686653396355426;-0.6539583888378154;0.416470761355341;0.23539608437896092;1.3953437887243159;0.9286606680129978;-0.25014112479427925;0.8912327290523249;0.15739271534635688;0.580359189256337;-2.0924001022910988e-14
31.615874574776413;-8.616861957174564;-6.004139020457394;0.7518315678983362;-6.0679371277389285;2.5227295948824158;-6.4650499455837265;-1.9676967881564906;-1.990826871197192;4.836556004681476;-1.6118745455897878;1.8159985499509081;3.4293277706608234;3.2404589477838863;4.908005295636165;2.3199143423457045;4.448232424132602;1.9635136065063927;0.694651965506071;-3.5847505436025076;3.8698234495235457;3.9409923844798618;0.7656812440450277;4.512405015045864;-0.6165001462177703;2.831173367825478;-0.24802248030065524;-0.032271464973029136;0.5135753025544568;-1.2454499362554448;-4.740526181926151;-4.410015600730936;3.8044199659020275;-1.9041345278487676;-3.4352437850738977;3.176833580295817;-1.9354668533139925;-0.6808224390190054;-8.111171058008347;-1.8110365504767096;-4.277297818822978;-0.07659818689986841;3.8659026679282604;-1.550397954689521;1.1785771808502887;-0.6692964777485214;1.6332811870767052;0.07287190476841937;2.2166986309153724;-0.15807084016190653;3.44788493174402;-0.6499123593233673;-1.6219435694066975;-2.2963450331336603;1.4495932661634232;1.1844413532033018;1.1075283819050832;-0.371110715655951;-2.9917301472849207;1.786657252974747;-1.2617850430563786;1.8586101409713716;-0.4968799832442809;-2.6946272582571993;-1.1405299787221643;-0.4257914289743513;0.7105032537234692;3.3683770714166026;0.8826227953982251;-0.5421815380605244;1.4354262357449261;0.12429805471473436;-1.2617914702265824;-0.23219711674140553;2.671947744444231;0.6548864675587703;-0.34593471307327;0.04859088187667878;-0.33598443551254115;-1.5023065653299787;0.6708514605704702;0.1994436894035887;0.38033166650884087;-5.5056420136230644e-14
-102.54576958184157;-16.329328059429713;-8.748950714046233;-0.6015380105895325;10.028408488335916;-10.218598533473035;-7.018339244869363;-6.788736586989715;0.1170795597541931;-6.280453702438532;2.073101121969172;2.9434253486495154;-3.8384876650849953;7.009866849576046;-0.8844121574828805;-2.472804300954444;0.7826880291820772;2.7385319690550998;-2.406084297223624;-5.4446335157972054;-3.5519816927552075;1.9355290920627115;2.8486860873537214;-5.900396018904642;-0.9307173812421345;-2.9690897173213187;-4.072326307340968;1.3242940642135514;4.336302706427025;2.271383409166219;2.5732440619915113;-0.9492978756992286;4.909822468480657;-2.173135439963392;-1.754827970431658;4.075175990310479;-6.72308459169761;-2.5816010127416;-0.4317236210558014;-1.6885487327080295;-0.49116473112238773;-0.6133592692278328;-3.0034969251997197;3.387645132809558;-0.3642862087471322;4.38137282143551;-0.863013165283474;4.335141101862721;-1.3976590723083413;-3.43158406501562;1.48354068213288;-1.1874164184780094;-2.574473745763462;1.9003170948522046;0.8489374787762066;-1.7194734991004168;0.25125242666743847;-1.176359809466945;0.7584118748197063;1.206446658506283;-1.1967357694644658;-1.333778362504502;1.3053526991057305;1.632840386470667;-0.3288892450559001;-0.9670791271893502;0.6926594691348023;-0.42465066960038017;0.4545065519200954;0.7819920081985066;-0.970083471811293;-0.45082584326671155;0.32219786396431416;0.10219074166778036;-0.5533731878924536;-0.6187887623842734;0.31817847791887627;0.13836360725160454;0.010429750851334883;0.26114366539702777;-0.3244294575263543;0.027527306873797206;0.39380569302906815;9.259630324501127e-14
32.897188677952926;-19.893664765491412;16.38590168662454;3.4701782818672937;0.37550878289186496;-3.113223065655636;-6.459996570540579;3.54398387314473;-16.818734134398202;-1.792244496935539;-7.9188417591635165;11.255439454211464;-3.2744597352069404;-2.3449437402727247;2.8337962233084624;5.228604832085143;4.06559591527979;-4.496787401304177;1.5085446850384816;-3.6905626653940504;1.7233392695010255;2.007481641265741;0.9832600655673771;-1.8313794776010284;2.0169111940881868;0.18008060089318342;-0.39864429344375796;1.5945741143549677;-1.7193980672751146;-1.6742300151116687;-1.5773124081161563;2.4621735660946;2.661801006465268;0.384189356616876;1.3390482263541965;-2.8477019118003417;-1.663172885088697;-0.6935681388717946;-0.6457475626911809;1.3958425708307003;2.0363736304796514;-0.08328455888722999;2.0484079275544915;-2.3452667393901163;-0.49644525364231185;0.9753820816562047;-0.815799774306457;-3.448278102009718;-0.46589396904793734;2.096667734256286;2.0568940872177754;2.6552404222796633;-1.5456294294210902;-0.8016441574400877;4.177004561358516;-4.468330783402061;-1.208211919645188;0.37738279147095694;2.969701110712119;-3.196294479320442;0.41417291256346334;0.7466948302056556;2.341663265192785;-0.24931650780714362;1.9737231392705477;1.978793839164674;1.632374487733416;-1.1427662166978008;0.9019677020375472;1.9615191171017425;-1.181648794674987;-2.023188401361356;0.39511647995734783;0.05342301682077331;-0.8070212795527514;-0.6724965497330064;-0.553104449564786;-0.5098271980007422;0.9353978026802012;0.4239646750230324;0.327463126357904;0.915195211274129;-0.28679649635822124;-6.28904313537419e-14
22.31682758189266;5.622195423855954;-17.3253886886916;2.1102202394032896;-5.768364340498909;6.713147058779389;-5.237402315398105;3.705832030104248;-0.65041412106516;4.084998929835594;-3.6532456227541994;-9.375738336868809;-5.371151130515982;-2.7920486965719093;5.240653589471751;-2.3363308134790026;3.3740553487275218;-1.166115648451171;-0.7147942707152398;-9.367254376246088;-2.304681964897448;1.574686709249052;-1.8927893779247886;-1.910728697203964;0.8717927043769894;-1.8281883836948614;2.005697557235582;-0.9120071917689672;-1.13171649990658;0.1839678102009232;2.553355646875714;-0.51547070587728;-1.6347535603990442;-1.3764686217465443;1.0413875285320704;3.1847887036148763;1.154392647947844;4.209641839454052;-3.9273946506773005;2.4767031114950178;2.608991881890131;1.7384251905413037;1.8558730573977948;2.4005910140835844;0.7300118567762521;1.663274336343196;-0.9984020315442426;-3.605309332869078;-2.717178254553406;-2.9693113442166195;-1.2464060061212843;-0.8569615388955281;-1.0204937173388284;1.457330510683783;-3.0351997863383287;-1.800985744727471;-1.7806559459541427;-2.481220228160742;-1.141511909603365;-1.0836104183162945;1.5828355824558782;-1.6607089986958676;-1.2454061036668043;-3.3528150560782906;4.842964863273678;-0.39981248267330255;-1.6273387587028465;-1.6488079141034473;1.264098590461419;-0.19817738003874874;1.2839377412389876;0.7789777245253096;-1.5854164219974023;-1.361459326527288;-0.43651176470071246;0.7816710273934389;1.3104534664865328;0.32317055403995026;0.04861347799024521;0.5164992263612325;0.3189817904097475;-1.0658837440338609;0.14913134657667887;-3.0791108154267067e-14
16.240133695514313;22.004426035581538;1.2945628104561233;4.944465524439624;9.843521738024315;3.394567653968134;2.307794961976831;-1.949036409613807;-3.0395233550712657;2.1156053783456166;1.7321248548598835;0.5282143514341482;-1.3268069061493526;0.8441373243438716;0.7641517283952513;-0.8020451256947297;0.3027553648621005;0.18842508007695682;0.9684975137348679;-0.46156097110133626;0.6813357182254923;-1.6407998514668405;0.4676286847083388;-0.6800456409233608;0.7770745818429524;2.0680673752097345;0.866390221202035;-0.21103439669718113;-0.2189135838406651;-0.10362150021768479;-0.2871827786880371;1.84664532175711;-1.2319891825540432;-0.7290765065861421;-0.9875469388505123;-1.4170386239309274;-0.5725964316047003;0.3413029702082374;1.7645619932997252;-1.2307672568958599;-2.469504927020441;-0.06495401826299275;0.014092928268997208;-0.37245297451449094;-0.22259514648034653;0.4551723441738291;0.5150300325322642;0.22052446134491954;-0.5425857261861503;-0.19959713221018674;-0.07903789787621013;-1.1657783115317293;0.651833720802628;0.9563439274919787;0.3501378445970482;-0.6488120146562765;-0.7046575957284854;1.783912604289581;0.9956875698628033;0.4187079989088815;0.20593475976023012;0.1478559062302626;0.09130055643589136;0.8692339392719959;-1.1085081077613879;-0.5354309913150914;2.6016578402571215;0.6573283309970558;2.503985594451943;-0.8773944994505972;1.2132268084588402;-2.110667252270553;-1.3164069129175053;-0.8318303794408498;2.098201981401431;1.694436451843099;-0.4700510660844157;-1.7097282162413554;-1.3273498488447606;6.932176214247933;3.4718447730123057;-4.021812502830653;3.600874515298262;-7.656835878640367e-15
32.00933520022356;-19.968176098896343;15.874762409142399;5.138648921819004;-0.7713308150822313;-2.7899426084542034;-7.356710864102864;4.133598110410396;-16.740999703547182;-2.7451018081634455;-7.490535685746582;8.204692825634586;1.5264760013501395;-0.7146896998957281;3.4682518772852045;2.4295899902504874;2.0539209995284295;-0.36221502272963063;1.7223770645675252;-1.0895513188193962;-0.8914860704916125;-1.1414812571167952;-0.6269639844558703;0.1921651928795137;-2.073393207965626;-2.42006936919803;2.4082926257932202;-0.5937482167530457;-1.3310791603090724;0.5140114723134309;5.363884974146247;-3.399521131691673;-1.1457524109194175;0.3168219469730426;3.5831392840664846;0.7919138461359889;-0.5099535743983004;-1.5169313607384851;0.8116367129173605;2.927479436748015;1.0538538782691609;-1.6852420299273136;-1.8676584429163987;5.4327560773653385;-0.03461607222059448;-0.7115599955434612;-0.22049937495537816;1.574124656303654;-2.2822247019148154;-0.2470330003047254;-2.5653183597012785;-1.2462537074582067;0.9035849270941909;1.8774266258843166;-1.283808009143609;5.722029642694297;3.937185468739356;3.9222561807489207;-1.8960071082804884;-0.05734584067991816;-0.05176204028662204;2.0509018416448344;1.1279604538126518;-0.5949786090796603;0.38328561425167385;0.41209137113446187;-1.042616792460613;2.737131596762908;-1.5315759162326013;-2.635245832290707;-0.2783570720336085;-0.010315439209766884;-0.10171022358846518;-0.4030250736985714;0.8054870029214736;1.1199662935139674;-0.06441949680106111;0.16364888977060077;0.09732230597169997;-0.10609964753857173;0.17205846819013185;-0.7807130717714845;0.017357746074616723;-2.1534623686454824e-14
-79.37568833952585;11.33666310306039;-4.819060679997188;1.0725293854360332;4.0814524456962;-11.556600074323343;-4.82588302265185;25.323443863425133;2.4373445902930144;4.491320490061284;-2.6841795740851357;1.747600083204633;1.1400804103019069;2.2957505124897253;1.2849110489736162;3.8139029332513967;1.558495094596443;0.761618082837947;1.2614805608281845;-1.3528546188361035;-0.2768717380266969;-0.4585893962141841;-0.547391128490785;-2.330618946354118;3.056975411301065;4.455470772867251;-0.648087091445441;2.489518431382551;-1.8339972663704949;-1.8965744449437754;0.6494762373956485;-0.6883106379547453;1.0958287548584664;0.48847520748360945;-0.6680864548935764;-4.373791054374188;0.34757583786521584;-0.9579691554367714;0.5178860159331319;-1.1349974860099943;-3.0192564440572545;0.36967311362764504;-0.7227528397208055;-0.5119122538297235;-0.38128593348221745;-3.0605179605347734;3.0480238698743958;0.9340276202322145;0.776744090607934;-6.425645165232147;2.8939513011918723;-1.4739811370707616;4.122813887722052;2.3139788850393006;-4.001833518405942;-1.55356913324231;0.09146201401245752;1.9730726015975346;-0.019721258483842066;2.2014504549802485;1.8061975639614571;1.5685080050004743;-2.0539389438549693;0.9878536955120084;1.7471085967826023;1.5868186592002425;1.0136574344541767;-1.7485526769778255;-0.5849170352557553;0.9960835801026624;-1.9597718503316826;-0.46452505329935107;0.2563411990833864;-0.40671196115034197;0.5030245106205959;-0.2155405481699454;-0.18136390432862254;0.4777278840887719;0.4320231230780469;-1.1206071906138213;0.07327527428231505;0.7067229866163263;0.141356090387526;9.043136834699221e-14
33.094076381889145;-6.482816804641659;-9.19066576613325;1.783143259640168;-5.220912463304407;8.284397312803215;-2.1618376084453623;0.6485537049106689;6.871764029141178;-3.8150740184005043;-5.187402951619683;3.5559982655481988;-1.311584865355205;-1.7262975519228247;3.2843954705421177;-3.6668904076131112;0.8715080451528949;0.3381818010464756;-3.705305139694211;-0.4704316222328949;1.7264904576031608;-6.452257339223102;4.883510348777946;-2.801041627529001;0.06372202813084502;0.3901301995800562;0.309640562799709;1.2783153348149188;-4.256084567723696;1.7513539087790124;1.7569623195677113;-1.0742499908781655;3.0656654200130884;0.6044610945614497;0.25979367928841235;-1.5885300535240416;2.9467615425978524;3.841163801734355;-0.8265370367555316;1.158000261138257;1.5770058350124416;2.570829886779206;-3.4776436910937267;-1.9048710793630728;-2.711601693195172;2.171070486587631;-3.3303732492558296;2.359163356401728;-0.8295722897822798;-2.1966919095345774;1.3985477993257074;-0.6479204949328305;0.1335554638504818;-2.3226928264265414;2.0715568305694756;2.0964518308587934;0.5914844534256913;-0.030494322100824957;-2.41652502380748;-2.4053475257793506;-0.11426959533717726;-0.9452061562007961;-3.4340604959680423;0.14037111428842927;-3.017141081290423;2.0261477377295987;-1.579133108045634;-1.0236088406653234;-1.4282695188698193;4.015571278424174;1.8167315595168445;-1.7259280178160514;1.4729860083934716;-0.02781062693546697;3.5721974084662396;1.1299053180112397;-1.6190186090518695;-0.07464184519932332;0.6554029589011028;0.737544664442004;0.47961986711708077;0.9421347775616885;-0.34199794463253025;-1.8377426960177035e-14
27.70131723450668;-17.799746628780156;17.396484805865406;4.1096702265079115;7.044435784146353;-4.759127405550337;2.111637325586293;0.3971997998663847;0.8764664931899641;0.5370797926018391;-6.518278783139952;-4.430491850852792;2.8055014954795507;0.5373498965036443;-4.081776927325376;-7.04315323890374;1.9158739313878905;3.34851765226019;1.7575596354208798;-1.1491311174275458;-0.4932631404832621;4.283957658236325;5.923290549792804;-0.1268389013051682;4.171655551619918;4.3235371546819215;6.154589422738214;0.9692464211434082;-3.09020323984384;-1.8805853145964013;0.23350396756192615;-3.37064345532338;2.348639621921282;2.3628765316898215;2.147756041635613;-0.509272147611029;-2.5733325423732283;0.12526721486726247;3.12311890651157;-1.0690194006909093;1.8995953972706916;1.9082844965594281;-0.37728876071529416;2.2712587931990003;-1.1669132509267528;-2.108812344744646;0.23541494459618048;0.3015712672423503;-2.4032127928768565;-0.03092613925937468;0.3787017864963362;6.611353180541097;0.12000610122591425;-4.195478242495522;-0.7862938342391458;0.18440028217392831;-0.666460700957787;-2.2578704824048876;-3.7713149020496157;1.6600428960049298;-0.34794711849503557;-1.9130488106224954;-1.3928278247648789;1.9377795366927477;-0.5765387811084945;-1.7071115916879849;2.4973450916110953;-0.8156290029322871;1.0951956989055474;-2.0213106369825926;-0.05387452789558014;1.199705318739985;-1.413103218171922;-0.2661831168570882;-1.4699102249949698;-0.8228319958139524;-0.48879326706044707;-0.4618472344463909;-0.3977945354685314;0.4108147080696836;0.6206639188169878;0.12421015325647458;-0.47180766273943847;-1.6129225335311093e-14
-102.450215121032;27.20054625916636;33.7896832278162;-0.03279810865148349;-25.35806383080802;0.6208209955430146;-10.890694592555418;-6.387941667803022;2.9387160839205735;0.17231265444434765;-1.0946254121590804;-0.3315459033370346;-0.7896679864403069;0.5705597971279346;-0.9016824012371351;-1.6761287746654192;1.5932147075333483;-0.5986219988258169;-1.6776805624054543;-2.364928059630298;1.669543868698543;-0.3870915156866824;2.906635078524366;-4.09637765899491;1.5209138319642286;1.9797636296814234;-0.9737452498786718;-2.004409392277245;-1.0799168491614108;-0.9177304267200687;-0.7702452549541491;-1.3598777701924796;-5.78830251251684;-4.7793995008841526;-3.863690347071419;-4.246389708623643;-3.2131860604966387;1.5017282917870647;0.9788244301920339;-3.2696693014188662;-0.34311750919583545;0.5726628346965913;0.12579879852227813;1.5983060909712121;-3.9883623365120533;2.5910776410573364;-2.3752836499634378;-2.539884657434655;5.977686966939075;1.4396605102101276;0.8189966742588232;3.586134410558831;-0.8781275179450968;2.721732725930719;-1.5712903813257795;2.7660368246269664;1.4073355282689668;-0.0914951754399333;0.20258549664049666;0.11133142863233686;1.3794346559375312;-0.14656585234936811;0.4039108320857054;-1.3227175117065586;-0.12936093530760603;1.009388032755732;-1.362567328361103;0.7512501997588034;0.07667921435877945;-0.1746728421236647;-0.06223382058119923;0.5608634307254647;0.5363856891094397;0.12397764786090518;-0.7918153779694121;0.5110705781078337;0.411973335212893;0.5781309692381136;0.6523561723185439;-0.047095840675177976;0.06609216608116873;-0.05240951263020552;-0.12936263487849803;1.0238361309647241e-13
33.702600095013935;3.071415947582011;-9.338574441452863;0.4936212271242363;-4.1115200761852275;11.145098918738427;-3.115663673008669;0.9576755993787589;5.245654297722524;-1.1492763440872547;-1.7278845498778492;3.196604901917876;5.526519082537339;-0.359550543745053;-2.152747752788931;-0.2535157651690472;2.3293872465926286;-1.534621233731197;2.5771400702694907;-2.162552328420217;-4.246044207720041;-4.016147930833526;1.706839868435907;2.10383400471754;-5.012543020454462;1.3451175698722435;2.681971626121576;-4.356031822776805;2.0529285043696355;-0.033819555073594416;-2.0276045062088124;-3.664773754131331;1.7741911649714341;4.223871820854143;-0.6292454967760309;-1.3842465940506243;0.6059186703717284;-0.6267829826081951;5.227223506182582;-1.0741769241456354;3.594888145735339;2.6563542308436614;-0.8777093747288116;-0.7245762639133727;7.049886142082668;2.991790424561213;-3.005997628489118;-1.5048543467847906;2.1796879671552896;0.24529752241490657;3.0897643443411393;1.4308074601879912;0.8425840870633633;3.6825712486574607;1.1662638228501547;-0.18328017205833913;-1.4953445365920226;0.9116274867353111;-0.010779000061010813;3.1339381592895585;-2.5369653341751164;0.606038412010538;0.5746291315996871;-0.2904229983235813;2.064550467077371;-1.0174139269101046;-1.1460162304206405;0.41113731567775197;-0.004820412259147329;-0.22577718961358292;-1.1915267727009549;-2.1193837401446634;-0.46823641149376827;-2.3448280270600184;1.5291967363228114;-1.3095017777241895;0.9181549774409061;-1.2373046758746675;-0.32580604833815857;-1.0721072643668415;-1.1781841048415782;-0.3213280624098237;0.8639931237287992;-6.785954675067747e-14
15.332077592384593;21.47690546322129;1.4249901794207531;5.765298338769051;9.47343457529795;3.9194370339154814;2.144079955015814;-1.2703694678998323;-2.944196152516548;1.8978153305684236;1.1382513954679514;0.7537306854042918;0.31113587016256483;1.4032989410502388;1.8416400856530366;-0.11905771950666419;1.0358953365484813;2.119469055594463;0.6633237884462068;-0.7544101413060585;0.7972371469332434;-0.06821366123128429;1.4459673031970455;-0.5894551377392698;-0.2858866066527804;0.7759315711435009;0.5732825199887059;-0.07867699422329887;-0.9759759164146694;0.13233097681880546;1.4584382604141377;2.2198032724838748;-2.0251870494543796;0.9830106559346888;-0.20996528800652522;0.891865371808956;-0.4546804139414803;1.0019076640698477;0.20852001043142293;-0.2476106171534705;1.583238390629403;-2.831569793179703;-0.381204475505218;-1.0374259298703319;-0.6205881376548033;-0.2720131141299503;0.06573154137700692;-0.1475302415503272;-1.2891742552714387;0.6972801430783993;1.6276385663436903;0.4736645404647685;-0.6948570195150976;-1.3921094900172528;-2.8945849249288633;1.53804943656249;-0.3263367302994267;-2.30896685264561;0.7024603883309818;-1.9157955020852302;0.12399899842866324;1.192014029547171;-1.2149442978165548;0.20035149011776257;1.1821036021677143;-2.0319039972452417;2.15827970993089;5.0043209241241655;-5.091260500269795;5.1960351500654225;-0.4728363451596001;-0.46556688953049535;-1.5796941649705452;0.6886626588184326;-1.0798731482716497;-4.3719260238592765;0.15023451151574874;2.255359891489807;-1.5310310470519886;-0.4371714206108431;-2.4422700690551205;-1.0505745422030113;3.2820829814627026;-3.11879926548504e-15
33.62207921097885;-11.03422270923766;-6.153612575897051;-0.8228638902249966;-9.739710312480831;-3.884166035340182;-3.9457194370861624;-3.2517322626885914;0.480058577462498;8.858355334890442;-0.8020157862457168;3.908419471293619;7.502636096727345;3.0088260947772367;-3.521075543234533;-0.6375843045706012;2.2201573771041394;5.663085634388734;0.10848249161676145;0.23922133668075407;1.7217469585995258;-3.440161904989618;1.237620797856565;-3.680916026937311;1.2431873329390544;-1.263982683716857;-0.4369867658913136;4.058648148633611;0.8993047718928722;6.7396803476371945;-1.510641850936981;0.38142701463756234;-3.32307584781358;0.16737482813040577;2.5736083174188957;1.002734968289912;3.4209873505322443;0.38047247019413827;4.587626187238174;-3.1361051543544094;-0.15754851425660246;-2.5452704818161753;0.48789742296552824;1.8406816897791136;-0.1651692347506398;-1.6513473098172557;0.04730533298253044;1.724903477784198;-1.529077699968803;3.16517131530485;2.9148290430133197;-2.031505933380907;-4.297916539313018;0.2598720050462057;-2.5016299306550085;-2.961950086517769;0.7887515800769199;-1.6500406218590742;0.13078241504615715;-1.2632265314541005;0.47044610691660427;3.4594950071138104;-1.1303888577990133;-3.7016756659761554;-0.7553933011117092;1.6182595880379538;0.9881992840084359;-2.361814199190975;0.9762827997018071;-2.452063857728911;2.187670065047223;-0.9173140166014457;0.5039821153528886;-1.6522156422037835;-0.4817485579094103;-0.16589817913313232;-0.7624731486236282;-0.19954781821943454;0.03678295191106698;-0.7988740680658141;-0.7878917424135827;0.7510375783680528;0.9140915108090235;-2.637797163138207e-14
39.56605242070375;-9.912996615394109;15.033919155568228;0.23742788252505473;2.642650966305767;-7.2544978897964745;14.07312942794632;-2.9894958244344245;15.429156104572584;3.7473750023539285;-0.21877713328744988;11.150980876815229;-4.958291442075781;-2.5625425283713605;2.1936209559850957;-2.6842597472591736;-2.0492442374746194;0.49040401940930306;7.470588376821289;-7.124355556417837;3.327031983015257;0.9302842603131478;-2.1581271620284843;-3.3359926416234678;-0.014167150913167092;3.1313858157120213;-0.3010297850064513;0.6316861608573594;0.7319092461722806;-0.8473503420682137;-0.44790518992174105;-0.5129950632939935;-2.957136402942573;-0.5910851966096959;-0.6427973274733311;-0.13802740103790834;-1.6282019019658542;-0.038940989687890025;-0.2924844791230626;-0.3148636612466414;4.873734092650235;2.1283898523529086;1.8777387739453846;-3.4939027949563157;1.05154333713456;-5.913685057548195;-1.0198713660691334;0.6039606409980574;-2.6686091362606876;-0.5219237848586524;-1.6180607217121687;-3.3959895535213795;-2.1911386593281366;2.1722500445026016;0.9984361362560347;1.837888996960195;1.5033142255919065;-1.2517082756503137;0.3775789438165121;2.689480248615811;-0.8254162373423832;-0.43675819554704187;2.8321624006806987;-0.10638288769428973;-1.7829429334075864;1.0443920443536148;-0.3790379394267166;-0.4777935699854228;-0.7725970834046394;1.5637159962831055;-0.7237388385950138;1.4307811471106615;-0.7595978493287596;-0.3373901533068614;-0.7013303714777666;1.1454151778007684;1.157230614831811;-0.09323882949691745;0.15562271859467955;0.4796183414161797;0.030798335715472382;0.2847858136892957;0.06616445925517951;-2.211749077438303e-14
-139.2666235140246;-18.816305708244947;-4.39468869541393;-7.823660288229534;-1.9469191834838897;15.059525906793539;15.886462471089045;6.086271917021945;-1.920061878658091;5.644820469639515;-2.994838706341232;1.4446937665335324;-1.1193739385100134;1.2313485794175938;-2.2763256950644233;1.2465300938864714;2.8361376617254;3.2885360716700585;3.0228478175447546;0.6152981335955068;0.9344795858190329;2.260100405012683;13.259328623827942;-1.5887471717288484;-3.049929553000954;-4.138687245439149;4.90573240280551;-4.253853518167996;4.950620690997231;-3.029970159517046;0.5462503584609893;1.2044014658535134;-4.87770839105982;-1.2821849482890564;-1.8353785228337112;2.611696810184168;5.259687071884466;-3.23242111544922;0.3119651438492042;0.6072591201757481;-0.8928368089279544;2.62677560992609;0.6446635113246917;0.9388925652207978;-1.6031733584592283;0.3460227995461737;2.5825087236818525;-2.0778704449174765;0.3829252540232964;-1.8321800689376264;-1.1904973138987989;-2.050354427170124;0.8207194568341255;-1.4931449749363224;1.7752601548144373;-0.8595779565316604;0.07790304990260327;0.764399159838102;0.3386508364681852;-1.1349967988636385;0.4293936891183696;0.027634669339540226;1.2321512465963174;-0.10619718275891989;-1.0625535346808685;-0.0185342133940574;0.6151851803066629;0.12102484184575507;0.03711463237955901;0.6633820444130486;-0.19103218955552487;0.2590711363389587;0.4382516969976536;-0.44611654789637295;-0.013527344630837327;-0.346963200633743;-0.04303769160603615;-0.19511904556002876;0.09202238362744611;-0.13822346041530914;-0.1323617996480718;0.28858157218653724;-0.22099033364807713;8.108467825842918e-14
29.759324561540488;-8.127044815241227;-6.448873329541425;1.206852044391736;-6.289464245341375;3.4653706145783687;-6.68554695046369;-0.26149213176932995;-2.808321014274075;4.5013196782383575;-1.7319277827462933;-1.2359267602654775;5.070829221682311;2.5766473021420992;4.883234048975117;-1.120206487423299;1.769877552464242;4.0299370317634375;0.811612665310681;-2.2850944718372572;2.8662132951735417;3.4641057559224215;0.5517435472866322;1.3186715570286747;-6.249300726928168;8.405221751817756;-1.0991736295475405;-4.589553186158326;-0.2573755423975731;-0.567707888085853;-4.732138208297969;-3.806443997194267;4.739370758537458;-0.7088913040148842;-3.8923710460466894;-0.3762539494940318;1.9931660916110914;2.4863448794442538;1.81754767377003;1.4664520441257587;-1.8639828891146677;-1.6261612578055753;-0.49292791150477094;2.7791297863459463;-2.129381795840881;-0.5031907142458175;0.2977541667051574;2.0930556108939293;-1.0083100163872385;4.551116724258261;-3.637891489289037;-2.7907123000358136;0.8284239877042135;2.6346375900511974;-0.9776854128542288;0.42479337813666224;-2.42322539459981;-0.27442243449225195;1.8774859116948945;-3.178041365976203;0.07065015662640318;-0.8650944571355399;-0.05998106728904334;2.7178906678647627;0.18183700249233176;-1.5079164575242379;-0.09086896476354034;-3.3797939861021087;-1.5522897013185981;0.90742702443694;-1.401873453974224;0.9255547700303189;1.0258657492136856;0.8928374227116705;-1.4147189130819573;0.6026846378967355;-0.01246545106727464;0.04117874131139068;0.399263723284535;0.9674263240852309;-0.5970089925387618;0.04523392504433785;-0.3607062822671711;-3.613405646027563e-14
31.79290953677903;-12.131789261520824;0.7651430187207745;4.507129731021627;-4.332532210483408;-6.223038957982915;2.4068707847055233;-0.13875538880811172;-0.03645614392486007;4.759970168785355;5.393172735571611;1.8338781832124373;0.6622857134337443;2.839405184071589;0.5677752968017635;-0.6950811520962376;-4.5866280887516515;1.6779296592022495;-5.587202510813295;3.3978384377773274;4.555768193457019;8.66977081211548;-2.0504125218589913;-0.6671747585912927;-6.589830819979785;-1.4281828467805444;1.0911172373486295;-0.24991813354049214;-1.5357081837483746;1.3340352896668244;-1.9509168834015094;3.7702794973378744;2.088791395449104;-2.3955299890696478;2.330047129715469;-1.3309979754259635;3.1572082242944597;-0.3353571653863155;0.26375906132525356;-2.355317776944519;-0.6532735330879419;3.534072420912433;-0.6873234758847593;-0.19707134105533827;2.6507542017889016;-0.12197496983591508;-0.6187870408544461;0.5468114919928587;-0.9770018756785329;-3.91657581964759;-0.8192238059740721;5.553022527164397;1.253373477545191;5.711981719596968;1.201730666989335;-1.410210257845544;2.115671823777888;0.7891006522848207;-1.68624133843628;-2.4206315988546074;0.8261640266332294;0.850373087505168;0.7284002973332228;0.509892101253765;-1.0040111333702162;0.3448310835585901;-0.8204470316792698;0.8987851258257721;-0.22977870176067777;1.014660777671743;3.8279348212368625;-0.5530851568512654;-2.3881341198912023;0.1721607511781599;-1.4198921318326567;0.08467403979404302;0.37390875404175267;1.3683631612554208;-0.4262841538577188;0.018008717866559297;-0.2401950790838098;-0.4027524451099955;-0.2549274805506969;-3.535690034303802e-14
12.073837048191718;-23.095596569921565;-5.938912976410882;6.588009851682103;-15.475223505654045;-6.893395386603972;-3.0114895955062035;0.11540354834865461;-1.2914697687062788;7.69353272332283;17.506038127196096;1.9298276410484367;-8.91940284211301;5.273863626772173;-4.827073141186216;1.2139783297455313;-2.3267961957789725;-6.336104061557896;-5.113600215622207;2.4045914530639756;-0.22286653098823683;-1.9220237803540512;4.974155962245809;5.722650737103042;2.691689406456672;1.7051022298902045;-2.8461627951552293;-0.8747474995533366;-6.861547834201597;-3.0272977044511085;1.6736934244432247;-4.836874508132822;-3.832530965795366;5.758332245719101;0.3305794145104459;-0.7549630912693045;-1.7850771574464912;-3.2191635873904056;-1.3207476091791261;2.522469611048777;-0.3478237789705072;3.082439036102525;0.5493810310152448;2.3551141284425006;-2.1442237516713414;-0.8325879939690045;-1.5166412031549195;1.3047882419268553;-0.5748108803376637;1.163991802023239;-0.4703722483088366;-1.7635389130940413;-0.4312810487831839;1.5000072117551724;0.6296898397864766;-1.444621193047205;-0.5050306582056941;-1.6226213187845295;0.7056054653385088;-0.03880381389626375;-0.2079003622855158;0.8233880845578192;0.1494867152312901;-0.40343044423179675;0.48882872005813655;-0.6611017770484909;0.565636526360767;-0.2306962056252913;-0.21191695139939884;0.5018969426419427;0.7990505250202801;-0.37539749288814556;-0.5004499726046856;-0.6301456241371675;0.8554774313236605;-0.745852180230136;0.8519559382692374;-0.3485362797676514;-0.48905382243561424;-0.0785949424982207;-0.5069763308184407;-0.6490071128813578;-0.2617563082775493;-4.239293876159995e-14
13.008372766033908;19.216465574132332;2.97732263888541;5.973137874818181;8.184935183768893;2.9457076438343637;2.797903809196887;-1.8642543149025366;-3.55570020073081;1.4098121854691696;3.747088813092493;-0.6178193423425311;-1.1244464553521107;2.330805904784857;-1.7026261477242828;-0.32428925896833244;-2.645289000264031;0.47695306988438624;-1.4533975493221118;1.2391366488208424;-0.25747012708702327;-0.7463398155892628;-1.9420903491999824;1.44071473039424;-1.6547470627594105;-0.28367850880254086;-0.3615566148875571;-0.31758641908880664;1.41139652142593;1.8222949906020174;-0.3556800136123818;-0.3607447648845017;1.2617206790129971;-0.0948367470133683;-1.2238801194121642;-1.6295697856939195;1.1797520252967295;-0.5040707373092379;-3.212992468528541;2.267318410131136;-1.6300142300692197;0.8703759685937527;0.5653607981576811;1.8998328537538633;1.8127300117170706;-1.6565170498178703;-0.872583109869757;-0.0454827533003308;0.14367228782597963;-1.9062404289865449;-1.2614172644841448;2.749835150754723;-1.5073590567484172;-1.455218733676498;2.508154770179422;-0.29748065525197354;2.7777703053677287;-1.9454312976473576;-1.502659027224917;0.1395522577661056;2.9567920654160025;1.1105990176120946;-1.4192698861243607;-3.1749684875125164;-2.2595467427103633;-1.1354025514315338;-2.033831773554974;-1.8544634509940154;-2.5833547929360505;-0.0004011203419563176;-5.991402059472611;-0.22147124025653722;3.367752827445471;-4.754862966918654;-2.9202904653165933;-1.0146903276753372;-0.5773185599519056;-1.4640517674433355;0.9368676978744286;0.9520224135820452;1.662444591001096;0.13738720985227776;1.6071046384059222;9.612703500124102e-16
-68.25775076310998;22.50472028681868;-3.2722368119550245;0.14045701763059545;6.46256459747674;-7.517914526780279;-1.9723617570595167;27.654485281980882;6.436104700488656;5.10469288901997;-6.983309226834868;1.9125429805214778;0.6285096943122019;-3.425617553104387;1.5552559097335952;-1.6444223374850817;-4.754955054659794;-1.7580428610380476;1.6485815315879322;5.806683070573791;-1.7484762297724803;1.5034101915681568;1.1073789626020052;3.0360197637973507;-2.1408270808851877;-4.623059116790402;-3.8146851350149795;1.021994726048294;2.441677521234224;6.4831337234003446;-1.3250919050899805;-6.3091739613791695;-0.9084999524201329;-0.2981607044318809;1.2682772195673304;-3.960733896293808;-1.2753451724085985;-0.41818098663507997;-2.0679431043064183;-1.4318507500909992;2.2600703895632743;-3.1019539554247215;3.06530109874914;0.708939237494475;-2.2474537780099246;2.019270773198994;-1.1549433480096958;-1.416924252058427;-1.6790390233213681;1.5595030812254296;-1.9224586317890127;0.8130103468880812;-1.5337031807139605;0.20620963063791045;2.4374810644364207;-0.6835640824588722;-0.7319614595349391;-1.8312441141653402;-1.267006844461247;-0.6454459316096226;-2.12324305863652;-0.9073495104949346;0.7005716045643223;0.12588641405556517;-0.78391643534225;-1.919980185992122;-0.6167934032714588;0.4120290878199551;-0.6139101803737701;-0.3071367627130521;0.8358831919388311;0.04076599943389075;-0.47153194256621483;1.385902282414473;0.5095714485745687;-0.05117919331305097;0.10814612981959144;-0.4561798904673696;-0.5757547864995468;0.8298507942440937;0.0016042807491218152;-0.4155098274126329;0.10936335516677838;8.719090489386754e-14
18.816656713334755;-1.9639047324871766;-15.571989587146685;1.9354849318816247;-8.47438253136247;4.924038992071429;-8.287112382110529;3.2753905998704513;-2.844516185737603;6.204387083076078;-0.08587499655180811;-11.125707631423197;-6.44331164836316;-2.4867145288360764;-0.5914700401914539;-4.861261657518389;-4.748931392159886;-3.6939843564284187;3.207478785405304;-6.253093077221829;1.1200927452090261;1.4040622469012678;-1.1863777665657087;-1.9690481519771244;-4.775339592746925;-1.3092958884053696;1.333086695527333;1.433979377836216;0.503722656013737;-0.8353666842041961;0.9945297928411719;0.9076823319562769;0.40993933010906575;-4.159210459668576;5.404405430606808;-1.4944203163384295;0.564265584745624;-2.765513109259392;1.9601780937024949;-2.499004780138397;-4.170653949164079;1.5481053679411678;0.6977378195935033;1.1015390700677887;-0.3796043282370531;-3.1352798439715976;-1.0454550538743141;2.876866155058201;-0.09777030197664949;1.5487325422956109;-1.5591445096994054;3.0367930177552984;-0.9222055693061616;-3.385495147193808;0.3692651614315431;0.6680209694801453;-1.0043806067982233;-0.1704374849551375;5.029994743239052;2.6297367919267773;-2.1185527839437572;0.8592326046826071;-0.2975694845988646;0.35958705797774265;0.38068097043408267;2.161357793021077;-1.3079554839726244;1.4381769716524584;-0.755733741933073;0.4808411006261551;-1.0179868585993825;-1.152237853028977;2.3410628595358585;1.1912339997196837;2.750237847068424;-0.1978382430962071;0.7446672875770776;-0.37903846107071565;-0.785846726499567;-0.6393007473867981;-0.19578021205067334;0.29017478619652454;0.28736334324377655;-1.1126282830593982e-14
28.3371634176769;-25.45461176033741;19.670227950012887;4.300983575791823;-0.7733209985968341;-10.744924843825517;3.1487461846996028;1.6181776940408863;-1.824615830888651;7.251305000846717;2.0430100047603617;-7.505842286454267;3.234408700424828;3.149975572399525;-2.001446928707922;-1.9363356322561533;-9.431206604472969;-8.27017822339018;2.1501791101318117;-3.1817737019640737;-1.3618889615959833;-6.134326710929007;-2.4273325368284593;-1.0921835271791829;3.8710026456167332;-7.092746801707846;7.3085463350688435;-2.5889977970480507;3.0421566746371216;3.2538590989839578;-2.749462751216633;1.8131668730710375;4.7893466394698825;1.1674326339445267;-8.63998850603556;-1.274274606004322;0.09664935516310072;1.6309340871116018;-0.9141134409571832;-1.082229488842936;-0.5713676429025902;0.8649593614280586;1.315258860170495;0.7958709239055987;-1.221431798592828;0.4715469993401998;-1.0296768125141473;-0.7077599785358679;-2.4741843306816405;1.0817932708861413;1.62412810218639;-1.3125425034055478;2.5218065492994657;0.1419956740223777;-0.3747265961484982;1.2351916649853738;1.755048291780918;0.6214477762520048;0.8589857529927244;-1.3359663660231091;0.04163848099447819;0.6044264329051886;-0.3943593870361862;0.7645542099787346;0.3710666064758592;0.43926279031651405;1.2308865288479838;0.6501410891308995;0.19665804769260234;0.48747697022003794;0.3428987485095347;0.5719768072965609;-0.08747177387213878;-0.16267266122614413;-0.1322068824232999;-0.1219966043640839;0.09393506254292701;0.07123211236437416;-0.29305258841397436;-0.20687575303607447;-0.23029141052062818;0.2694561383675534;-0.40934871762476144;-2.7162066642523586e-14
23.291035597565315;7.259031081799893;7.956449766056231;5.65977711965755;5.421138533158326;11.956955649315866;0.01616578273452899;3.522265083747209;5.025700391087032;-6.695098863179408;4.867996841706151;5.0103056015258876;5.642454279358069;-3.4703166608923337;-8.842285999233438;-1.7106662541528017;-4.793550709606114;-5.945551805049663;-3.496682478974101;-1.1902495857580573;-2.9101552235712016;1.1078783380591808;0.2921101735578753;-0.2884606845645727;-2.0443270217791953;-0.14760741565261923;2.231662744765376;0.4506543966439926;2.999191876211104;-0.7279830472004734;-0.34968857890148647;-4.365015529878063;1.7734838614882795;-6.137744181640152;2.752315414094914;-1.8197682123104273;-0.20850630540246828;-0.667513000274972;-2.594756647745065;2.9929128322730914;0.6521035014563663;1.4048806671437437;-2.9219521189773223;1.7231045616506466;1.2787819939641654;-3.8120906933871774;0.7656779048437856;1.6821355278709762;1.8032616709908005;2.978575647104342;3.2243225043099284;-2.2253583711648157;-1.0575253043752066;-1.3261784515527446;-3.677076607628264;-3.2586551700895328;-2.3038543191704943;2.1272048358973885;-1.860550036662341;-2.1389421869807848;3.0128387180105047;-2.568509477391058;2.0898630069690443;-0.8033448515867816;0.13273020443339814;0.6311577606123026;1.186728499641422;2.3322448775513793;-0.243910413820686;0.9167212352069104;0.727898216751132;-0.14628149633089982;0.27567630731799636;0.2275823248557942;-0.5728945184620479;0.6751659964889749;0.6553613994234596;0.6779238686174078;1.0980515897734224;0.36104974739863066;0.6662242216524966;-0.34000707174516165;-0.4795050061653931;-7.781735968910698e-15
-128.13587590371608;-19.22414710924248;1.8999789456299077;-1.6734528017839023;2.1502870388199815;-3.79706291713741;-4.853035863761989;-0.7200669572694838;-4.039847421098514;-1.0031976481071705;18.51113826144208;1.5810664857293195;4.048219166706594;-15.854570068556036;4.553606276809407;-10.491662584139124;5.775425919524107;3.5733253374948903;8.849671495240742;2.2922480089253288;-3.9289348568804474;0.6757651355472051;0.14170346759378327;1.6443586550323213;-0.30079883313272454;-2.163290868407937;-2.9292015946477328;2.0872781042556188;-4.305451424946429;1.3314916475682845;4.9582524174927896;0.4805351263669683;4.140235132926425;-1.5352254816839224;-4.093202197953997;0.2239384619388295;2.5246013239862286;-0.5003916012895638;-0.05923339095430955;-0.43211038022620224;0.022616261275425653;0.6355711529780541;-0.07641541938612666;-1.5266782968105106;0.7873553279540139;-1.096063202741396;0.44225802901115313;-1.2514118485398638;0.7182261848749169;1.7924262746550756;-0.014524677623307761;0.8734238176062012;0.5765347725596425;0.4558216913660119;-0.3628487441630737;-0.10469403935822055;-0.19226729171388113;-0.07879391739858797;0.07895468008546738;-0.010066371599825315;0.4542604469585818;0.3667646590030837;-0.45070474830470364;-0.5174536401691021;0.05756460975992243;0.24367779188544578;0.18182596762053513;0.3082043668283912;0.018494683676398265;-0.29660687841177613;0.27363088524241097;-0.3911873582271668;0.01527077476571595;-0.5562512996881364;-0.28153331498302003;0.33029776809584055;-0.3811189812866928;0.11853294356395275;0.12449559548881223;-0.051219131356796364;-0.03944202318626946;-0.143659029674203;0.17086571700988828;8.612925412656973e-14
26.06163919278123;-11.440193882733158;0.5948127305882795;2.041826437607353;0.11750609175680272;1.9612895991816486;-4.1236139349822905;2.195122981541948;-3.49557499010271;-1.231397118626666;-2.9733711451231297;0.6379794439374926;-12.66217937286483;-6.4281246794830675;-6.903370443807277;-3.0143888733927486;-0.2502625439047427;1.3575896904508706;-2.2635742454550414;2.2498475806103464;1.7168129518501973;4.2163706115404285;0.11792918760502832;2.6912556832629235;2.7259525338754766;2.3869699812246057;-2.4620420838643082;3.465071689066163;5.9367969685408575;2.793416839375855;-3.8261196029594724;-0.772306909987836;1.0115321536815518;2.3019886131956584;-0.9306809264263088;-0.9754621790488031;1.5598443631522156;0.8285527501026637;0.5943056875450627;-0.9264021934544933;1.3071451670591394;5.749493399718644;-1.5603753561026876;-1.3698084063006333;2.405022715326597;3.9618172678208623;3.0778522866681213;-0.7133390374291794;1.654897195434513;1.1757417803312578;-2.2291405217803826;-2.5630761190152125;-2.74899377820564;-0.6847068234486682;-4.028730358682233;1.8327767842496874;4.091309818876724;0.7133854983258398;1.503679274531946;-1.314350319738013;-0.9657611080212033;0.11458163057612546;-3.3278124705871055;1.1247636478186118;0.8912133865150508;1.185770411849511;0.3814969912371448;0.6808968104167498;0.26984297581630234;-0.321689358027576;-1.7906405741458402;-0.49695944913502027;-1.9657620471471728;0.9531329754137106;-0.6638643724546488;-0.3756947879033075;-0.3607978175318797;-0.2692955847368864;-0.056366908656488385;-0.5070463009252489;1.301067218772723;0.07039875264441417;0.15301973950892434;-3.558588384186696e-14
13.925530391444763;20.871138182778637;2.333726869813179;5.48809397912822;9.234324103462004;2.968485757415854;2.7704809682778317;-1.3861881713709094;-3.298265047531653;1.467368550400652;2.521551874948194;0.16626787114365837;-1.0917082422449158;1.2599476863211154;-0.6011513967015956;-0.7452526631656203;-1.4872532103081846;-0.18980458116631033;-0.34803211288609287;-0.2177664137272844;0.427003555826218;-0.8774449868583222;0.41571772083161623;0.772817588814619;0.21533984695989042;0.17703298500675693;0.5979770903844002;-0.17821827088377662;0.24488282948744633;0.8876380460776471;0.4716228717003302;-0.8357904324925237;0.46211406098876845;0.3777628610312548;0.5589705153432928;0.2194548266443022;-0.3112388816638011;-1.8589950045583707;-1.0509885860444994;2.126080958238237;-1.1371630880147277;1.2405901169939895;1.5445651058610999;0.5186864774827556;0.8171123552503055;-0.6294183859557433;0.2504899235094224;-0.300670533712585;1.0971490463685543;-0.25696282675763393;-1.0272517527415432;0.05422686349035628;0.6087029200970789;0.7008658203780602;0.6809701664401607;1.2853449010960398;0.9559269401046141;-0.09188820359647654;-0.2569649668247563;1.4942754383873456;0.05442191403558907;-3.1430649651300446;-0.4049399602357013;0.13363573829028993;1.6090758164057974;1.6706438596684063;-0.23453128696384537;-0.5489992136620415;2.5704871985724034;-0.6310844785128613;1.6417722598579703;-0.006522034885870119;-0.182371650317327;2.49532579440337;-1.1769482316766553;1.4654014533298338;-4.816424326187505;-1.3150414496481009;3.144886508659212;1.2448375976443355;-6.04196250336689;3.0282273103105997;3.890301468283425;-5.450267617197869e-15
31.05487166685673;-7.166516344800196;-9.369727316861386;2.547488132192785;-12.034874442933681;0.0834025494859527;1.4474456610307405;-0.7452676454297703;0.5406387384460319;3.691986040306874;4.560142811475332;1.9727087279030247;-2.254030055465189;-0.745671212564351;6.805589468626139;-1.0430449337125023;-6.409119900859284;-7.559635137250133;-0.27527275281600166;3.5680666392445053;-2.942010984355535;-1.7610046167526572;3.6801288045922935;2.8244144260214488;1.8063602286280702;3.9075483272987115;-1.0402762938816086;1.1344206116415707;6.810084927399985;-2.8277117534591065;0.7644936056675965;0.21968478217156964;2.162683805771425;-2.1736714960885632;2.807548687288389;4.043716878238695;-0.47281628463114456;2.4867631191920476;-0.6730949045008047;-4.7553999290414675;2.602657742380809;-3.4739416146243816;-4.886196480019198;0.897879722046318;0.6612217600651515;-0.9629052162589019;-0.1110049986339831;-3.16414902434618;2.4069263072165894;-2.7796338670358764;-0.2774423717953535;0.794831648491025;0.2204655032578512;-1.030853286695384;1.24155557339888;3.4069918724154094;-2.704384792962511;-0.3269611648665454;0.15146801122797218;-0.026734836536017274;0.8063132451158934;3.5389482333944695;1.1695446596540573;-0.7427427512256467;0.7922844738832444;1.3366879196143517;2.326908892823869;-2.9383987368055458;-2.149629517789188;-1.3196127220689031;0.6813983080659932;0.36234975411528086;-0.7936453953702821;0.7431612460660995;-1.322171119272381;0.016358231806540568;-1.544474012056251;0.007994899954855554;0.29699331566598547;0.863506007719707;0.38118365072009314;0.27504103179676104;-0.0012880305949239262;-2.061868969113907e-14
19.799398882022945;-11.290963139444685;-12.459103973370125;1.678930015063409;-7.02556464133466;8.38120442572892;-9.009398485843786;0.9002247375390641;-3.112834394303327;-4.218912148640308;3.4553907129260946;-7.092476782682501;1.0670319450239867;-3.29202027075378;-3.8775258123536545;2.0329933742825723;-8.6860254095287;-2.9210654221911154;4.994287810642387;6.063432990104731;3.41451274118674;0.6057756792767759;1.1197113059087764;-11.4784389523691;-1.950451056638172;6.458811483618897;-2.576655494423548;2.858897263618958;1.1673966449292836;-3.6829563900793523;0.5707852956689505;0.062064278021312966;1.4464462461757508;0.042290271278283824;-1.6785887854458619;-1.3987157244171362;-2.790473449868008;-0.27661948080917537;4.345945266814338;4.653457232848362;0.1670808461602373;-1.8811946683388912;4.233039702670681;-1.8365702001278614;0.2989228828337143;2.4996416671570083;0.10464502534019769;-1.3983858543212162;-1.7929952068097084;-2.197775830750838;-0.5507222922402869;-2.1368912328692895;0.28857516764043634;-0.29447116826995173;1.8545288066974426;0.31293408118920363;0.4567025134179571;-0.14482178285775715;-2.277625820087129;-0.5056645964425235;0.8808434977083885;-0.31168594873570377;-0.32280426282615704;-2.8828679702507913;-0.803478762943517;-1.2491442182415635;0.726426089787745;1.5146516784030333;0.07907739381794504;-1.5275335479067922;0.819227863171795;0.4326554330266448;-0.056519283805222004;-0.0506252895828422;-0.09925042466057482;0.1493544021696443;0.4342759992490409;0.017049244195524806;-0.8072620355891034;-1.0716918288216088;-0.3987333465758818;0.18167426053892027;0.3091775186718821;-3.5273633616191136e-14
29.98263373909064;-11.412115180970439;-6.656993783261276;-0.28125290307138184;-10.83739452505572;-4.4294512654987885;-3.210733980032727;-4.65637119760176;-1.507300284130151;9.205205314575432;1.783098266865456;3.0739483810782726;3.518211628288627;0.9149046152805784;-5.636360036614195;-1.6209359598596045;0.2092671840414225;2.788423777688104;-0.6602063020960743;2.273204575032634;0.07922046492392446;-3.7903933436057358;-0.7266782419802224;-5.194123162183061;2.77734838271401;0.1723330295325545;-5.00828565478219;3.7464482722418895;0.9970194573481653;3.536385326560995;-2.8242319280726718;1.7448164639053685;-1.094175526791879;-0.21078560643231004;2.124919902879727;3.249715826982813;2.685880514221197;-0.6380625483572372;-1.819534129477213;2.3327719783121292;-0.3951431150567555;0.68118051652523;2.4535664312479954;1.080985793429645;0.19439482720923262;-0.41652035451432573;0.9121612844942482;-3.266442739153123;0.02882968592359979;-0.6383632431401479;1.2503898160969629;2.254112438088916;0.1566744017316231;-0.28037594235769886;-1.0333991762001116;2.6868547963745866;-3.6400166270876926;2.0311500312405157;-2.3725649749943636;0.30717862231694926;-0.44994811438951593;0.46289956474059185;2.795469847437447;5.467009293653032;2.0786650163110942;-2.1123977049268974;-3.0710048964573122;1.3849881088925824;1.2785727912815719;2.7587303045753275;-2.0049928606516714;2.4298943354969023;0.9214664129909725;-0.18922380278204518;1.3966844997320447;-0.22368887427340334;-0.8906406795878062;-1.1780096077312183;1.414924231183997;0.5901529937923844;0.8265492193501734;-0.8102934919594825;-0.3364040462184332;-2.4532225852942747e-14
-47.5873173570597;17.420458538577027;-18.241979771624326;-2.8529472155648388;11.312642557129163;-12.042250894821668;-0.161717256539429;-9.685766334210554;2.197203354759401;7.12238000911042;-13.482876492004408;-0.8434430875891503;6.877051016307795;-13.145634215637843;-2.2187760095866484;0.08603531727670008;-3.160799935486612;-9.124482654802572;2.2399319783783795;1.5343656551147782;4.141965794527188;2.488186980287046;1.5451231975890758;3.0907083497072927;-1.7429772499159981;-1.3493606035987964;-4.935359643335238;-1.154553699602151;-2.2345064151767287;-1.9161226906866609;-1.2311088091809987;0.7392523173738043;-2.8869746416290516;3.4762454288399307;0.6532095035509851;6.1946195342129755;-1.8059961745260196;3.4748406370667086;1.242875090251324;0.21090186456734727;-3.5060023864229617;2.1512458252537745;-1.1728220772344857;1.7402254055593083;-0.9523616633967488;0.3002369556140817;-1.5328804110052228;2.122195541560643;-0.21008107290558217;0.23907769409004778;2.9561161027567002;-0.5056893834654811;1.1019433007951764;0.7454372136825652;0.8693795775039939;0.08582767984641002;2.326166911732958;-0.1452138599433513;-0.020965566248024117;0.270875750133741;2.401945732549361;-1.2294627252861852;0.9179848154263864;0.8299646672205757;0.824119843944383;0.8731626503099806;0.9717865323817771;0.3831031898946832;0.4754621760129357;0.5126096894169918;-0.598818677766915;-0.9391985832937699;0.38688648364146017;-0.9493739409307632;-1.2098845469834196;0.09681621170991724;-0.15796922629597;0.30014586999063675;-0.09854248416288176;-0.2773695295292587;0.324957397629297;0.162659631816095;-0.2013542071771618;4.499549106420768e-14
28.18161484760981;-20.837144977995248;15.969716754865038;5.2183254041037825;-0.5208005920202647;-2.7819958230926187;-6.563947371210856;3.7127476464735754;-17.675195141891837;-1.9340951429300222;-4.590152452166155;7.569750810544121;-4.313845197794514;-2.6439754747208033;-1.3517512525695594;3.9932070961063872;-2.033918535217525;-3.5983919526073453;1.1523522602066267;1.7456396394983316;-2.7021008549435463;-4.202626287801289;-2.290650028286991;-1.431003193748667;-4.719721274529982;-2.3893928734693843;-1.7074890576489905;-3.304980761660632;-0.32708522231987835;-0.7777659062799961;-0.7982184696632325;1.7399159784748401;-1.817631825108735;-0.69079530942654;-0.4315091853978029;1.6506263564086257;2.3003023000840477;3.019129549824187;-0.004538662667978815;-2.143794820803413;-0.6138537785353129;0.5733166624115195;0.16499871875491925;-2.0496088710473;0.4665192323728527;-1.6291214443426052;0.19208168979195614;2.100648285153583;4.653721595302606;-1.5729669044541068;-0.17004975843929432;-0.7821803901738063;-0.18155178015747986;-0.6129102797648881;-2.3767080006362353;-1.4337555561407316;-2.3716614131640545;-4.164911827229437;-0.9691650311444587;3.663632374783579;-0.2675238120866896;-2.9027980732731034;-2.6149887994700136;1.0521502291154459;-3.509736311855357;-2.836793903591897;-0.7304752717905276;-1.5549590006522787;0.5010262801290368;0.008486468022800548;2.0897427304601326;2.459713060618788;0.12995188115491135;0.06630955494287913;-0.39736637101671224;-0.7923648261333248;0.9571097109971064;-0.07380712251583929;-0.9675579316454785;0.243339269946702;-0.48799498832026317;-0.15454838166953955;0.29698380630782034;-2.2089735198767402e-14
26.32406804107185;-15.36522020571453;14.968423572344378;3.5779993589573356;9.471232229069736;-4.76493153872084;2.817980269384434;-1.1680603259661537;0.04938268089744336;2.438447934403597;-2.3819325109289835;-4.7759510813420745;-8.896426401472434;-0.11415078695861312;-12.143852983983532;-4.34139698731147;-0.4850195653946774;4.484128017498904;1.397442923026031;2.432421183187864;-4.947951271718611;1.4247583168691158;1.8630606764332545;1.1979898281307375;-3.1001762727149487;0.09731191587496632;0.3247667350669499;-2.9422215333732726;-6.7193839403072255;-0.16441007875360286;-6.173173489199738;-0.5015958284304972;-0.9044751087432328;-1.9678320943946075;-0.6627587725157086;3.2626521603716;-0.9915118029214766;2.9408388173758113;-1.5217991851317523;-1.7896234718875152;1.473856923832262;-7.303784749587631;-2.5219331007816757;-4.76816645518374;-1.4812992716764208;0.1264117713825954;0.04653024090700624;0.8600227313517436;-1.2156840281159986;-2.09964217606649;-0.6897834960468922;-0.3577845091531044;0.6688960511809227;0.5590077590417527;0.3688185559789828;-0.9056416113984804;-0.9218019543821049;3.8064021040889187;0.02214043531793489;-0.10853681674567095;0.5883357340017301;0.2617911143651992;0.6606287167944725;-2.4768705214466693;1.5816954933894307;0.9049663512130279;-1.8043657584965893;0.3058978753366834;-0.10120096073169833;-0.8983307534109961;-1.3072509142283726;-1.4367005610891888;0.4201839694308768;0.18905103286100547;1.0971762079712162;0.05903489899850993;-0.24168641430297527;-0.42183406800024115;1.038773799977075;-0.644141057381872;-0.4625748516462934;-0.1418800563025326;0.46396183845169586;-9.87728192789068e-15
13.524069347799708;20.03701576873145;2.506167374952885;5.937014784087026;9.205008652119634;3.2557609908633656;2.2599023093292665;-1.014500360574855;-3.7151051778234736;0.8401108763275404;3.0266210037904018;0.2029269657638946;-0.6280525402393196;0.4616113588362246;-0.951363054891159;-1.1426950392077582;-1.6858036567454169;0.3105425801957364;0.597922906634605;0.719172348972841;0.08011429468491682;-1.324347726935843;0.3946751467893502;0.7425113163428056;-1.399856030978931;0.6698045647719699;-0.2554462498785381;-0.5894320487539718;0.6701505396128663;0.9526522333715256;-0.5200384388657379;0.38475458649992733;0.9270833611711211;-0.075537730530802;0.954425597066596;-0.6406101195063102;0.3353149271652437;-2.0830690008669954;-0.28584680337587265;1.633522226198753;0.22669684005081844;-1.6269832972888296;-1.2498625959736354;0.18104919511528644;-0.8319676544159225;0.36360998020612045;0.7370032832477299;-1.3601273416264847;0.226401278248843;1.8987699640808127;-0.39235074215590615;0.40608444098492164;-1.2108233090297025;-1.0022254343309;1.2775193381018324;1.6880697490736087;2.376195382476917;1.5707383662557577;-0.963325485178013;1.8976738535732223;0.6222777931969575;-0.40214742580605073;0.8456282331680158;0.37454079201526197;0.9902636295707009;-0.32180003558454845;0.22349966343605546;-5.085149140387598;4.361748823679836;1.5838086811803633;-0.32413763263929785;0.6472100542911967;-0.8352281159853655;-1.6713261344330534;2.833266459324692;-0.7900806152099388;1.6208560878439164;8.257447982699672;-2.0387329794923414;-0.3111194545361132;0.23034944491290474;1.211193794296132;0.5778833206969491;-4.388616849900063e-15
55.299081861205806;5.764133084005952;4.298840438426869;-58.863096522775734;5.998297814478592;-1.5395643895393587;-2.333010293056077;1.6682147286786055;-0.6088624768257225;0.11181797555768934;1.4711068917858032;-0.35729426613503346;-1.0117373772962628;5.620127428803;-1.8656993273774547;-5.330440793917613;6.695393206998637;-8.567830882360909;3.8875791195333473;4.696942462208475;2.9066491150636278;3.023570989980671;-2.2475845514039805;-3.664528730182872;5.7067084302965;2.583317071716851;-2.2213794429441864;-11.590769807685335;0.6888772912798419;4.369909188299719;3.487817818543609;-0.6082205213007876;0.3772984627541695;-1.5176255694038774;2.863316141868613;0.07876838566373547;1.3929782443378216;-1.1676496136910064;-1.1657396042207397;0.3337165938678404;-1.2590314661436925;-0.07162625527094843;-1.1537818188451847;-1.7435954075133144;1.130813201703767;0.16247066197990814;-0.48005947887210515;0.36989755413854547;-0.5788448448474492;-0.26149174656676405;0.5300543205817034;-0.08762562977248746;-0.3215277498613558;-0.30819238988861825;0.031140827955521373;0.02679533555458962;0.10712531234531825;0.024418798833866266;0.09927798160615645;-0.5832300545358091;-0.519555398998215;0.2664074440892909;-0.8711263571086615;0.05716260758809246;-0.13525330053158283;0.035163348231018486;0.2925043751915136;0.19390055415881452;-0.09017647443634794;-0.20244810310891104;0.19396060575553137;-0.0404770799619116;0.14579126402699805;-0.12882722958913082;-0.1399873569536842;0.027920621195235275;0.21005621724023768;0.06955774435409273;-0.04451965857832249;-0.10318470634554532;-0.05043591719363153;0.21031445879674474;-0.14612390310314227;-5.439722521535946e-14
56.683581078381984;7.065119120245119;4.0684679048130254;-58.98496252062188;6.744503981020117;-0.7345882516371419;-1.6069931940267201;1.155303381039575;-0.7062597778943766;-2.2284382650329944;0.5737610497325646;0.16342587233743672;-0.9355388469932124;6.069853425382755;0.7961885151741975;-5.6650363676711875;5.761476440143118;-4.738632345596583;-0.6591073725936204;2.835230694239447;0.24229473708801885;-1.8290476271743459;0.24631263969068823;2.848296284857354;-7.685333105063407;-2.0525145729121856;3.7335534191830426;12.963395233980327;-0.12620241648211478;-4.016027441148003;-2.190331138202184;1.852595770868151;-0.8975225659809444;1.0732342278436713;-3.017918077149575;-0.03732783325916699;-1.3175214813043687;1.910404842484613;0.513032308497183;0.1960436205387547;1.3267533266761307;-0.06610991302565258;1.17410641257345;2.3429531949039557;-1.0814384460819801;-0.4555117968390495;-0.1054723593477672;-0.08112212197474272;1.1218209660967242;-0.06043281305686263;-0.7376076518049425;-0.6421929444469427;0.5124762047737238;0.3826024833080905;-0.33056064238443617;-0.28366346435377593;0.2299351139521276;-0.07232767997031864;-0.03565975676352103;0.5765443505861455;0.7196802761653233;-0.4929294970502182;0.7645453168386488;-0.19465872218449087;0.2037976743336836;-0.22155616959465932;-0.5448843437159597;-0.3948069572828532;0.08053197139691524;0.4299457081558591;-0.2015991149618424;0.13519199485970929;-0.2041904874512388;0.39600285976471206;0.21168643712739613;-0.10692089687895594;0.0845499242953995;-0.08475804997141209;0.058632339622838175;-0.18886590127000874;-0.002369259294070632;-0.1913859628046099;0.10504732466769164;-5.595153744983468e-14
52.59107663446906;6.544517553638517;5.61596991018508;-57.147509076329726;1.1171388317650277;-2.077488672268349;-3.345711592948106;-1.1406598707400681;-1.747197409011518;0.5242291724879649;2.9436482494493736;-0.815314148509898;0.9497543182439743;-10.065563103068595;2.0347129625888196;11.022743166200097;-14.113278977000636;12.755015577501679;-5.468599149592698;-6.935201606719687;-4.233950356556647;-0.8692179937027672;2.670128003701195;0.9771999930967181;2.2479131193786284;-0.4834780140267673;-1.37253698386043;-1.644321111873502;-1.2193334306342638;-1.2957729739977062;0.15841203061831777;-1.4812057183185612;0.3104334921942356;0.39660787981928564;-0.26477891708628665;-0.3704489742115623;0.5031827672289363;-0.8997211280814658;0.27862625093052257;-0.48772713332329026;0.06250972738893126;0.29031709369624265;-0.4766332211351279;-0.5470583573322936;-0.22010034364805953;0.006389747514285954;0.3897123956521036;-0.24553764410586393;-0.7364171070121117;0.23019846188130413;0.12608951971288634;0.8767055077003928;-0.22159622225915473;-0.21151389168843984;0.13078508698380187;0.15518944719166242;-0.07961949745952102;-0.0010939793492703086;-0.00512860179096627;0.017885250059828276;-0.26822922780385416;0.15719234565500897;0.07279175656984327;0.2935221948166833;-0.09523578813604233;-0.0013261408294347546;0.28900391242679896;0.28047290480899173;0.1955043586827571;-0.23811901461195845;0.06367251841736171;-0.2444156218378687;0.1124618621303734;-0.2530709037158163;-0.1172437427379435;-0.01581439309651205;-0.08328011808587062;0.06383042689911128;-0.002397661899952799;0.20071738955975627;-0.019807555456802257;-0.03825312667395195;0.04076433756317295;-4.36835730277267e-14
14.570605538616835;20.47644872940909;2.8197656121877515;5.320982705188157;9.211739652261803;3.7635051798390005;2.3299010498310047;-2.3443752523800496;-3.215805946954767;1.8541778415074448;2.7380945778767405;0.8452169729170517;0.2579288578457723;0.4038397880869447;0.4300982007407926;-0.7545172412072426;-0.564978433872607;0.7361417740677653;0.030974138025705908;0.3109537424218391;-0.3063231122536046;-1.5050125230077203;2.1076001837870124;-0.5670016881006709;-1.0591547967580346;-0.6178017361209039;0.35443263895050164;0.6333004723413639;0.6970496314172846;1.1206120076573987;1.692390774360818;1.7074250960181598;-1.9492505294037317;1.2746315036427682;0.16494653892049274;1.3332827975061308;-2.870670709884415;1.5349630099619342;-0.658871650020514;-0.24680407383545946;0.609687232702625;2.9796408373403;2.82736865803677;-3.780858145696519;0.6895646382712709;-0.20745136252557078;1.3672386203962876;4.489411494359577;2.2797907752310795;-0.8647658581618306;0.9349641149704044;1.2523142576679556;2.9101781661172605;0.01650735070542859;-1.2043340560330678;-0.16562933481496142;-0.3346815419669145;-2.5118671356279694;-2.6410976199037157;-5.578928068656509;-5.29663913145026;2.5273291280036863;0.9564540979874327;0.0428296990340191;2.1587035310868017;-0.20062144388259745;1.0319952646743793;-0.7801736421789737;-1.107496157780141;-3.4778847854968786;-2.2831856048582626;-0.05299974287263593;2.2992897734051394;1.5597657898498385;0.9975655731097328;2.3052257581554585;3.4584252411878964;1.8431722047958918;1.686657354319672;1.8275749222110578;-0.6769073147677348;0.968566920652921;-0.78403549382724;-8.549351107030435e-15
15.194364538893861;21.472137442741094;2.10631773410174;4.546658750283934;9.369568824309603;3.404733022981431;1.930310049624074;-1.12898127249115;-3.5387136468142004;2.190206350001817;1.764153808985603;0.8939099341894465;0.33320118269869564;-0.03324764068193922;0.5627891618539795;-0.4718736045702756;0.8770592482388346;1.3920628525928724;1.0782244452850247;-1.4995003663034736;0.6703493550902401;0.46764242592231525;2.0757364550442343;0.28284824105379447;1.111318931869164;1.6853621998315358;-0.30409832516223356;1.0725282680310935;0.216914098556726;1.8713806467683196;0.06194598685768715;1.5343510553540303;-0.3940703951381371;1.9508386052867268;-0.41015230276903175;-1.7516701267290682;-1.3246863401458664;2.117144928038025;-1.3293166613427343;0.6358915207340637;0.2887655078260766;2.3025528255516825;-2.5632429738411058;0.9389966290676431;-0.09093433410339061;0.8116435433446213;-2.282978581341338;-0.34819111260937985;-1.4237320825610542;-0.9995267349763116;2.185315330864911;-1.2844440157055883;0.8410847167160286;-0.33269065794296154;1.7118416891485562;-2.912599299588578;-3.8500195839968105;0.8941326298772754;3.6897850722924783;-0.9976630424985101;1.5790353148470335;0.8422538599706554;-0.020232502563978464;1.3338921048761994;-3.2542169261266563;1.4802128970864594;-4.597259919833542;2.6475588281057414;-1.3509948804964735;-5.302849324448648;-1.4398226300050285;4.647624556280771;-2.998155837310589;-0.06145365600054827;0.9498368348893099;0.3366138131736039;-2.0885200781548736;1.9813677656761237;-2.5050565672986074;-0.5701829418700883;-0.4497936776032414;1.037615391326163;-0.1493589441431153;-1.2813599290102462e-16
